QuestionID,entailment_score,contradiction_score,obligation_coverage_score,composite_score
777e7a14-fea3-4c37-a0e6-9ffb50024d5c,0.56616,0.30782,0.0,0.41945
0eb99ea8-3810-492c-9986-7739006b5708,0.20297,0.62944,0.42857142857142855,0.33403
d34e3516-f053-4652-a0ac-ede703144b9a,0.3822,0.01242,0.625,0.66493
6d876d32-7557-4149-875e-8c66f13f3485,0.08713,0.55153,0.0,0.17853
2efd28f4-8677-4f05-82cd-d9989fb72409,0.31623,0.47913,0.25,0.36237
84a753ca-2a42-4909-bf85-e4d5654cc605,0.31782,0.33756,0.5,0.49342
cfbe9040-6a57-4146-85f8-3d082b435bec,0.24455,0.1706,0.0,0.35798
ca5c0779-8178-4e43-bdd3-fe171c573c0f,0.34172,0.52053,0.0,0.27373
d997b233-eaeb-40b3-a769-8b67960c3c8f,0.48203,0.33124,0.42857142857142855,0.52645
f3dca83c-3f58-46a7-80b8-b9b42223e895,0.14027,0.54219,0.0,0.19936
9bd38f26-b6ac-4062-b076-500c38063b1f,0.4649,0.42972,0.07692307692307693,0.3707
c46c77b9-ca98-4aa3-9550-5ddb4c33ae96,0.39302,0.83929,0.26666666666666666,0.27347
265b9d71-daaf-4dd2-9b07-62303d28cf60,0.65669,0.25802,0.11764705882352941,0.50544
fc535834-d668-48cf-8113-56732e6b0f85,0.48706,0.29666,0.0,0.3968
c8b65ec8-2d56-4dff-83b8-658bae9d5c0b,0.3481,0.41137,0.0,0.31224
46d1b55b-582b-462e-b112-46626996d523,0.22046,0.40614,0.05,0.28811
06af3cc5-e6f0-4ceb-b3fd-6fffa6048fb0,0.30995,0.42862,1.0,0.62711
034bd420-98c2-4705-9f86-4f2c46f6f53e,0.13587,0.61108,0.3333333333333333,0.28604
7c140755-f464-4f79-90b2-33e09f0a413a,0.6293,0.99498,0.46153846153846156,0.36529
61161540-fdf4-41b9-926d-c72e95d15bdd,0.1779,0.10066,0.6666666666666666,0.5813
985b943c-9b42-4f2a-b6e8-f7b77391d658,0.01786,0.4659,0.0,0.18399
010b81f5-e910-4ebb-97bb-6ed770877878,0.20401,0.51206,0.0,0.23065
e265fe63-8c8e-4ccc-ad2d-f7a44a8f1a4c,0.43685,0.53458,1.0,0.63409
a59d1fcf-bee2-464a-875e-ab2f428f7ff2,0.48998,0.52933,0.2727272727272727,0.41113
51e8b6a6-dfb1-4c83-8edf-6a0a0ef8b770,0.30925,0.43776,0.07692307692307693,0.31614
8448a7d7-6890-48af-9592-30ee7219dbd0,0.28307,0.74892,0.045454545454545456,0.1932
245c0f22-ef1d-4833-8117-ca245dd5cf2b,0.38756,0.26985,1.0,0.7059
1f1cf043-510d-41f7-8b17-92b3b5e48ae7,0.39665,0.22353,0.0,0.39104
bc1c3cbe-0caa-4ddc-a2e0-c496df68a629,0.29237,0.18239,0.29411764705882354,0.46803
f5b3ddca-360e-4265-b4e9-aeab04ddbcfc,0.28107,0.31302,0.0,0.32268
fadacd82-3d30-4df3-a1db-23b58288cda0,0.51079,0.32786,0.0,0.39431
0f54062b-37e8-4494-addc-63a46e239251,0.38674,0.33111,0.3333333333333333,0.46299
ad7cb992-cb40-417a-ad1d-b2fa3b7d50d8,0.12233,0.38981,0.5,0.41084
7824b4b4-bb50-432f-bc81-9f4cb80b2320,0.34473,0.73781,0.25,0.28564
7796005d-7c89-4910-a79f-d8f2b939b082,0.25119,0.62793,0.6666666666666666,0.42998
874909e3-155b-4253-8f4e-00efc761557b,0.33305,0.44525,1.0,0.62927
ffb8ab74-8b2e-408e-82fc-e68a532f0067,0.38722,0.13642,0.3333333333333333,0.52804
f8693454-df7e-4015-a8d9-44fdab26a967,0.22922,0.32513,0.0,0.30136
ba016794-8321-45cf-8c64-a813077fa0ce,0.01107,0.70165,0.0,0.10314
9ebb2ddc-cf35-4ae9-b4bb-dd1786076578,0.31318,0.51548,0.3333333333333333,0.37701
c81578fd-d6df-4fa0-806b-e929e4848474,0.25102,0.29762,0.0,0.3178
088c59f4-e12d-40a2-812d-01b65bf3f9ad,0.44442,0.65326,0.09090909090909091,0.29402
ffca564d-b579-4af5-b2b8-4367004a0957,0.59085,0.13875,0.4,0.61737
05d3c52a-eca4-4c46-aa99-62aff331d83e,0.34313,0.27559,0.3333333333333333,0.46696
56439278-a353-4505-a680-3e331e6318bc,0.06673,0.2277,0.4,0.41301
4cfbd620-acc4-4382-a7d8-f0252396de8b,0.14716,0.73446,0.3076923076923077,0.24013
655ca65f-bb52-41dc-9222-a2a37e3985b0,0.15078,0.46831,0.0,0.22749
7fa708f6-f140-43ae-8086-888531566738,0.48341,0.23861,1.0,0.74827
17ca672d-d2e0-45af-b852-92db9da3a664,0.59622,0.67844,0.23076923076923078,0.38285
49044b42-914d-458d-acab-fb7227571b40,0.222,0.53476,0.0,0.22908
3c7ee8f9-05a5-4ce0-a92a-64c712a2e8f0,0.36159,0.62519,0.21428571428571427,0.3169
3d2787b8-e137-4ee8-90da-c5c5cefc3798,0.15516,0.61217,0.0,0.181
c979ac53-3eff-4d5b-bdf7-7ced7c5cf71e,0.55522,0.83393,0.09375,0.27168
16d027a2-3b40-4bd8-8da4-3a7e2d7eb0ca,0.34413,0.13499,0.0,0.40305
be919e83-1c9a-4210-8270-a382ee82519a,0.3191,0.69334,0.0,0.20859
ca7841ab-337d-4ca2-aaed-a61bca70c0de,0.49458,0.0114,0.0,0.49439
23eae215-559f-4c71-a091-11c157a5e76f,0.38348,0.51517,0.15,0.33944
6cde3f68-4972-4766-ba54-c336c278c01f,0.47387,0.44317,0.16666666666666666,0.39912
f712f127-fea0-455e-88a3-a4f57e658a27,0.52652,0.65002,0.10526315789473684,0.32725
1642d721-7654-4fc8-b93d-b583fe070ea9,0.3446,0.43769,0.045454545454545456,0.31745
80018ff6-f532-42da-98ee-fa45e5d0e40d,0.43267,0.72315,0.0,0.23651
19b25aff-075e-487b-8d0f-32f969da18c3,0.0444,0.54201,0.2,0.23413
23a8cd46-9f36-49b9-9cc3-d3d9788dfa65,0.32912,0.50869,0,0.27348
17630a8e-f73d-469d-8168-dd6678f8f9f4,0.41876,0.7098,0.4166666666666667,0.37521
17a5b63b-5593-43bc-9977-b9d7e1111370,0.38941,0.3648,0.5,0.5082
a5c156a4-b9a4-45e9-9bd4-1ddecbc982e9,0.38222,0.20469,0.0,0.39251
2573b129-0534-464d-a8c6-efb36f1ec81b,0.55946,0.14639,0.3333333333333333,0.58213
309403b7-f08a-447d-8b90-f4c89c9adbc7,0.31842,0.48478,0.07692307692307693,0.30352
4ea991ec-fbef-43f7-ae8e-2ac190796dc6,0.34986,0.60716,0.125,0.28923
ebe905c6-0f40-4882-a56f-ecb803c0904f,0.09918,0.2542,0.6666666666666666,0.50388
3110f13b-54d9-41a1-95c3-17f030c2b341,0.20385,0.42892,0.21052631578947367,0.32849
d73cd946-54eb-4688-9eaa-56152e3400e5,0.40519,0.23523,0.4444444444444444,0.53813
4dfe8082-d517-48f6-9227-71719323af80,0.28562,0.69318,0.11538461538461539,0.23594
1c24817b-0f0e-40a3-bab3-433992019fad,0.21451,0.6138,0.18181818181818182,0.26084
b2837726-3efd-400e-b479-5a7ba59c8191,0.51822,0.56421,0.2727272727272727,0.40891
8285efc0-7e8e-4e19-9c18-0d314a857edc,0.46894,0.56721,0.3333333333333333,0.41169
3e32bd73-84c0-4083-af8c-06db86f1195c,0.36267,0.65181,0.21052631578947367,0.30713
e081439d-2288-42c2-a056-8cc6207dad34,0.118,0.38665,0.2,0.31045
abd1b235-99ad-4b68-949f-cb711814c195,0.68011,0.60826,0.09523809523809523,0.38903
cd8a00f8-27a6-4f1c-95c6-d42daf379b1a,0.21578,0.36025,0.5,0.45184
1e6b3feb-87ff-4cfc-9830-7240a476c2f2,0.25403,0.63456,0.375,0.33149
0ffd426f-391b-4334-9858-454ea39174a6,0.51393,0.22281,0.5,0.59704
5f1cf12c-41cf-4637-8ba2-43e464390bf1,0.3695,0.70375,0.17647058823529413,0.28074
087856ac-f3cd-4fa5-8c9f-04c78297e72d,0.36438,0.73541,0.42857142857142855,0.35251
7334bcf2-be2c-43e0-97d6-6dcb8a8ecb3d,0.70805,0.57251,0.45,0.52851
a872b1b6-0a52-48f2-9874-3ec3330ca1f9,0.4925,0.46885,0.1111111111111111,0.37825
fd4f97ba-81c8-4456-b0f9-d4e601ad7e2b,0.18824,0.53004,0.05263157894736842,0.23694
098e1a3f-3198-475e-b218-5401ad3dad4d,0.32349,0.26877,0.0,0.35157
9da23f4a-3b57-45a2-9789-81fe77652e03,0.39273,0.3633,1.0,0.67648
9acf1b1c-5a26-4e3b-971b-42d4946cb952,0.06652,0.55802,0.0,0.1695
8848eaf1-63fc-48f1-b9d3-f771eb64cc37,0.06781,0.37577,0.15789473684210525,0.28331
ee081c28-700b-4730-a756-cc8445795ec3,0.30485,0.62349,0.29411764705882354,0.32516
589a5355-d6e2-4cc7-83a8-6e9c2a4bcecd,0.40827,0.33815,0.5,0.52337
26a579af-77ae-4c1a-b728-f18efe0ab700,0.62543,0.22595,0.25,0.54983
47c399ad-cdd3-4411-a543-d014fe38ddc9,0.44915,0.38099,1.0,0.68939
775af9f2-8a04-4464-a9f2-e45be4a02fd1,0.45774,0.4856,0.07692307692307693,0.34969
3729f01b-d258-4825-bcd2-60af884be789,0.42415,0.42301,0.4,0.46705
b2dd9a7e-00b8-44d6-8e31-4b1be2807d99,0.45159,0.31949,0.42857142857142855,0.52022
b3b7294b-038e-418c-9b73-c61911399103,0.20392,0.33012,0.0,0.29127
e81b0983-8fbe-4ce4-ae2e-b9edf2e73ddf,0.29376,0.57228,0.07692307692307693,0.26613
2921cc6b-3d37-4e42-9384-7e2aa8ac6572,0.55302,0.27311,0.14285714285714285,0.47426
9d11151d-cae6-4760-8759-9bcd2956e003,0.37859,0.53533,0.2,0.34775
cae4d720-c862-47c1-ac08-af7f29267648,0.25189,0.29854,0.0,0.31778
c48d394b-d35e-4938-9dc3-4d19bc19dd87,0.40654,0.48321,0.0,0.30778
85175207-2b48-4ae1-a44a-a1cef65b223f,0.49773,0.42389,0.0,0.35795
424ba092-ef14-490c-b8d5-6da1cb38e368,0.21369,0.65863,0.0,0.18502
e546fab4-f228-49de-8562-e35ecfbf4e06,0.35884,0.51657,0.25,0.36409
cb535a51-e336-4250-a5c9-26e4bbf59ba8,0.82953,0.01348,0.0,0.60535
17ad6b9f-5be2-4103-9d55-013b842097c0,0.417,0.37388,0.09090909090909091,0.37801
35bb8255-0ba5-4e4e-9677-6bd2f16e9b1b,0.60254,0.61758,0.07692307692307693,0.35396
dc0916db-d38c-4a19-9cae-a88e9da5eacf,0.5062,0.15553,0.0,0.45022
e2e4172c-fb9f-4611-b798-aae3779bea3c,0.18412,0.73533,0.1111111111111111,0.18663
430bcbb4-6694-4d84-8752-3de0136834e4,0.22362,0.08279,0.2,0.44694
08c13869-984f-4bfa-958d-69eb9375420f,0.4388,0.38972,0.375,0.47469
584a28a6-3bee-4cf4-9f94-d16c0aed9cfb,0.34722,0.6276,0.0,0.23987
d5830e3e-7fa4-4220-8eca-c8e4b3b37a87,0.30285,0.42153,0.0,0.29377
57bcb1df-a314-46bd-8538-58cc37e1146d,0.32759,0.38145,0.0,0.31538
6767c914-e918-451d-b894-91161a05ff9e,0.46182,0.69474,0.375,0.38069
9a61f8fe-0c46-44e1-b0de-80e147c77516,0.30092,0.59224,0.2857142857142857,0.33146
346eec40-8f1e-4c1b-aa7b-04cc024c63ae,0.38052,0.36626,0.07692307692307693,0.36373
ae7b5a40-2d88-4ed0-8835-0d94696e6584,0.20142,0.91243,0.0,0.09633
fcb5bc73-5cca-45fc-aee8-861f5a3a844e,0.16241,0.30719,0.0,0.28507
39e0ff5e-9098-47c2-a83c-d6e45cb1e4c6,0.4314,0.68237,1.0,0.58301
4a897f0e-ff32-44ab-8ba7-2686ce2857ca,0.33507,0.47552,0.2,0.35318
43009224-2008-41cf-aec5-10ca5d12881f,0.43356,0.57433,0.08333333333333333,0.31419
d1147448-338b-42a8-929c-b669252ebe6f,0.16006,0.4216,0.3333333333333333,0.35726
b681b183-52e6-49d4-8e85-9a71250a52d1,0.16985,0.643,0.0,0.17562
75624607-e477-4984-9028-e6ddcca01a57,0.23457,0.35115,0.05555555555555555,0.31299
45eee00a-bd1a-4687-b8f7-310941734312,0.12272,0.48589,0.45454545454545453,0.36379
184f0393-e43e-431d-933d-f74b4f83d633,0.45954,0.59056,0.1,0.32299
6e1f7cfb-7beb-47f9-9c68-d2f1586dc97a,0.24315,0.49358,0.0,0.24986
a520875e-387a-4bc9-90c1-3a4abddd3652,0.35268,0.61923,0.19047619047619047,0.30798
267db7af-8df0-4820-98e2-2063f2a80cb2,0.39602,0.65309,0.4,0.38098
86ff528d-0e01-4f3c-b7f5-0d90625bf3a2,0.18986,0.39368,0.75,0.51539
d0bc504b-22f3-430b-94ce-fb9f54f6a4a8,0.37456,0.72368,0.6111111111111112,0.42066
9917e317-26ce-47c6-8cbf-fe50409f5704,0.5564,0.47052,0.6666666666666666,0.58418
48277ee9-eba5-4a54-8cda-ede94e2931fe,0.61075,0.46162,0.0,0.38304
92383b15-ca26-4d21-8306-b19f4bebbefb,0.34896,0.25821,0.6666666666666666,0.58581
3d05abfd-432d-4f59-8f13-0721dd6b9b23,0.25812,0.64246,0.21052631578947367,0.2754
4a1e8261-eede-4ce6-9682-ffbdc7de008f,0.46588,0.34269,0.0,0.3744
ff606233-f096-4f69-9e16-7c65da45fe7a,0.00357,0.28477,0.5,0.40627
6cf85574-478a-47e7-9e43-959c9a3bb9b0,0.08239,0.58763,0.16666666666666666,0.22048
bee4d57a-f38a-422c-bbec-18b8515d3c4e,0.39166,0.47718,0.25,0.38816
c8fddd49-c68a-4012-9d8f-d3ac18b8a65e,0.32125,0.66661,0.4666666666666667,0.37377
4f9a49a8-6138-4d76-a6de-775914abf5e0,0.1925,0.71628,0.2,0.22541
744d15f2-67b1-4b1c-9f56-e329a14df4e1,0.24967,0.24068,1.0,0.66966
f460509d-4798-4456-bc9d-5ecb7cf6f46f,0.12745,0.47291,0.0,0.21818
eb2f4245-b379-4a28-987b-1c238d91c8d4,0.1941,0.35444,0.0,0.27989
84419adc-4115-47bc-ab53-0e98c313e05d,0.13452,0.15236,0.25,0.41072
27acb29a-d8b9-452f-aae8-9f92f94809da,0.59757,0.84904,0.14285714285714285,0.29713
18ad7ae1-0392-4860-ae50-891b4f1d3674,0.09143,0.17688,0.0,0.30485
e61a3afc-2fad-42ec-afff-04a675664fbf,0.46693,0.42967,0.6666666666666666,0.56798
bb5c5dc9-9e10-4207-8ba7-7dd3ba51e489,0.23791,0.47727,1.0,0.58688
eb8e934c-8833-4618-9039-a723c665da79,0.46291,0.6641,0.09523809523809523,0.29802
1127bdd1-dad4-4ee9-a64e-e2d857bc68ec,0.13034,0.34208,0.21052631578947367,0.33293
a1e29b53-03de-47be-98aa-db588960e9b6,0.21063,0.05739,0.375,0.50941
4d07ee46-cad0-4c6d-b187-17927321744c,0.90246,0.2396,0.36363636363636365,0.6755
5e511163-d1a6-4e02-ad12-c5b7d67d1c30,0.21366,0.65652,0.4,0.31905
80076d79-dc87-47ae-838b-9d7a9b79f559,0.50877,0.28022,0.3333333333333333,0.52063
3f12a585-8f44-4ed4-8d33-8367ac52a235,0.33191,0.30737,0.0,0.34151
dfa75d23-f93f-4134-a156-3bb72fe49a38,0.34142,0.46451,0.2,0.35897
aac4c4ab-3d9e-48ae-ae42-bf2dc6836073,0.47485,0.10781,0.23076923076923078,0.5326
1fb1760e-1887-4fe2-b788-46fc54f9665f,0.48373,0.28672,0.4,0.53234
1bfaed85-dd65-4f6c-9613-45afe26f9cc5,0.46399,0.29749,0.0,0.38883
36e37b6d-680c-4092-8307-af38786ddd1a,0.18652,0.72722,0.0,0.1531
0309e3f5-23be-4583-bb03-8bf9eae2aaca,0.30127,0.36312,0.0,0.31272
abe8cc71-020e-4b4e-8f30-87586f5d33c5,0.50159,0.20424,0.0,0.43245
4e8a490c-4a6c-43cc-be67-3a7a59dae04e,0.02909,0.29122,0.5,0.41262
6c7d38c8-41c5-4f58-b9ef-7b064097c525,0.23504,0.36833,0.2,0.35557
2e97a8ea-7608-4835-b241-ea14e213923b,0.45129,0.29951,0.07142857142857142,0.40774
3fc5b941-66d8-4600-89e9-bafce138ebc4,0.41036,0.45414,0.25,0.40207
9b8de8cd-1aa8-4ae9-8e6d-f46519d20884,0.46324,0.32614,0.3333333333333333,0.49014
cc6b3dc3-452e-4a49-88c7-3d6825186a46,0.43911,0.84924,0.13333333333333333,0.24107
4892d78a-eeb0-47aa-ad99-cca6c144911b,0.32023,0.18418,0.5,0.54535
a31e28ce-6473-4535-b0a3-99b2a5d3cb0b,0.40794,0.4631,0.0,0.31495
aba61db3-f21e-4462-b286-387868d2c22b,0.5354,0.33449,0.16666666666666666,0.45586
60bba6d2-1a9b-4cbe-b162-8a3ef288e8bb,0.06016,0.69176,0.06666666666666667,0.14502
f3e2b2b6-60f2-4d02-900a-d6e144ffcc5d,0.23672,0.66492,0.2,0.25727
d87f1f79-208b-47bb-9140-c9fb864dcc27,0.47249,0.21068,0.16666666666666666,0.47616
c8a138fb-311d-483b-9fc3-cff5b4ec7ebf,0.48599,0.72039,0.1875,0.3177
29ebcaca-bee7-4f8a-975b-d9115ceb6014,0.26228,0.41178,0.0,0.2835
3f3664f0-d09f-4434-86c7-d6cb3abcf835,0.23808,0.5839,0.0,0.21806
036813ab-8325-4b78-9336-0ffabdd3ffb5,0.27958,0.22331,0.0,0.35209
eb929bda-baec-489d-a4f8-65538e7f16aa,0.24404,0.33315,0.3333333333333333,0.41474
e68b765f-1a24-4c17-9bae-2f472279bd0b,0.40322,0.62329,0.25,0.34331
3d889f53-cf20-4e2e-b693-b4fc3d3cd16c,0.3932,0.04644,0.13636363636363635,0.49437
2c4b1abc-c0ae-4e45-8951-102715fbd0e5,0.42711,0.71873,0.058823529411764705,0.25573
7fa94f0d-6a9b-4635-a821-62303b6a15f7,0.3724,0.71761,0.25,0.3016
a4849e59-2a24-44cf-875f-dc4eff25a48d,0.65931,0.71536,0.05555555555555555,0.33317
81163d95-1b5e-4b76-b1fb-d4e459aea0d0,0.15971,0.69683,0.0,0.15429
5cac693a-98c8-48dc-8662-c984e25820cf,0.15577,0.24208,0.0,0.30456
d1c4b09e-a671-4404-a527-b945cd08459c,0.54491,0.63806,0.11764705882352941,0.3415
133557b2-fab3-4c6d-9981-037fc0f87d70,0.15447,0.4899,0.0,0.22152
f2242a03-5c33-4273-8f78-c31420d6c534,0.3271,0.1715,0.1,0.41853
07833d63-ed16-448a-bfe7-477b9ce4c126,0.30211,0.6854,0.14814814814814814,0.25495
b9428a7d-3e50-4829-a249-44450ce36b00,0.16617,0.429,0.0,0.24572
10e2f8bf-6c17-4fbd-bb75-e44ee4c2a6e7,0.19498,0.46371,0.5,0.41042
0b7e7658-4a77-492d-8674-bdf647e29b82,0.27611,0.75113,0.18518518518518517,0.23672
d7f2f8fa-663e-4f37-a767-8ca38d5e31b2,0.51042,0.55454,0.2222222222222222,0.3927
7ba5d050-f6dc-40e5-8144-5ddf8ab7b7de,0.04747,0.54811,0.13333333333333333,0.2109
ed73b3a6-5c57-4503-95b3-d155fa5c393c,0.00201,0.29605,1.0,0.56865
68cac915-beda-496e-ad6e-11fc4d30aa5a,0.25551,0.17159,0.0,0.36131
5d185760-e4c4-4b66-aff4-b46fbd3bd408,0.2466,0.4876,0.07142857142857142,0.27681
e704e727-e1b3-4cd9-a062-e078d988dcd7,0.4873,0.01268,0.26666666666666666,0.58043
f3a4861c-ad76-4bd7-9dc7-70b7e5115df2,0.5898,0.79376,0.1875,0.32785
dd4ca88e-e351-44e9-b248-9a0a9e41d3f7,0.20465,0.38348,0.0,0.27372
2c2633d6-c26d-45ca-a348-b6f5cb454583,0.23804,0.6944,0.2631578947368421,0.26893
8f7a740b-4757-4e5b-919d-809502f511c9,0.26065,0.31969,0.0,0.31365
3cdf9490-fb0e-4879-9895-553330410b8c,0.26768,0.15374,0.0,0.37131
ccabea98-ba30-4bf4-a5df-f27dac0a082e,0.40058,0.31072,0.5,0.52995
79e57ab7-7031-49ad-a26f-97f7105a206d,0.2921,0.37546,0.0,0.30555
70051a99-e7dd-4661-84c6-88ad027a3f0d,0.20464,0.62213,0.0,0.19417
3f06feee-0165-46ed-b134-37b11ed20200,0.44334,0.55799,0.16666666666666666,0.35067
91e7dd0d-b9ec-4bd8-b384-c437b0b09819,0.253,0.26436,1.0,0.66288
21433068-58d8-4e5a-a54f-81849a1d26ba,0.13096,0.40407,0.3333333333333333,0.35341
83ed9312-4452-4b5a-a65a-f6eb5424f714,0.11092,0.15162,0.13333333333333333,0.36421
0f87d647-0430-4bf9-9dbc-3c83f24f2dc3,0.22169,0.33728,0.0,0.2948
19de2afb-28ab-4984-9ac0-b7cf7086a340,0.27728,0.4709,0.0,0.26879
debf0e0b-fbc8-4795-afc1-9ddf766751fc,0.22057,0.34758,0.5,0.45766
910f30fc-68e1-4b9e-9a2e-78f15ce3f45c,0.14591,0.57908,0.08333333333333333,0.21672
37b16348-edea-4d8d-ae6e-fe816ab90a0a,0.25766,0.38504,0.3333333333333333,0.40198
9524b3ce-8492-44f5-97ea-9d04954458c7,0.34717,0.55981,0.18518518518518517,0.32418
412fb8ff-f5d4-4473-8bb9-226491adefca,0.4273,0.12525,0.42857142857142855,0.57687
91246c78-ea8f-4115-a62b-04b64a718950,0.48398,0.47252,0.8,0.60382
de0c6e6f-d425-4948-8f35-8c76dd14fe66,0.42441,0.27475,0.0,0.38322
f76e9bba-fe46-45ff-8b78-18d9ed232e58,0.34114,0.5168,0.26666666666666666,0.36367
2ab9bd29-9f95-40a8-bd83-651928844e78,0.35957,0.5331,0.21052631578947367,0.34567
d6dd77b1-4500-4ac9-86f8-e696f53d6b97,0.28444,0.03296,0.08333333333333333,0.44494
f5ee1cfb-9219-42ae-81c0-021c0a79b69e,0.40706,0.30114,0.0,0.36864
4097d393-e386-4704-a1ca-927cab626566,0.47375,0.47926,0.3333333333333333,0.44261
8da7b6ca-b369-4bea-91c7-8a418e287463,0.23941,0.58837,0.0,0.21701
8d647543-037a-4e85-ad1d-5c836c6c5e65,0.47275,0.04869,0.07692307692307693,0.50033
2e90c0d3-5473-4611-86f1-641061aa13df,0.79279,0.00727,0.0,0.59517
c4bc7f3d-322f-42b3-b6b9-38fa87483bd3,0.4586,0.18404,0.5,0.59152
cf09e632-b234-46a1-955d-1798a819c8d0,0.4513,0.1355,0.1111111111111111,0.47564
31855224-e6bc-4236-a81d-c7eb9fc7bd00,0.18083,0.07197,0.3333333333333333,0.48073
8e37d550-9bb0-4125-be5c-b08c86701cfa,0.35444,0.28538,0.15789473684210525,0.40898
94ad66ef-7a1b-4c69-8f81-5d5ed43fa2c1,0.28125,0.85568,0.42857142857142855,0.28471
b59605b1-e770-4465-8ba3-c22b112dbd87,0.48582,0.80652,0.11764705882352941,0.26565
551995b1-e488-422e-97e8-476ad1083f14,0.27925,0.40673,0.4,0.42417
b06586d3-6681-4179-b3cc-81970620ee12,0.698,0.74981,0.08333333333333333,0.34384
187d2e8d-9d9d-435b-8586-fcdfc3f820de,0.42727,0.72164,0.48,0.39521
08d6d963-4af4-4e09-bb2a-8679ab2efe99,0.23423,0.36618,0.0,0.28935
3f9363c2-4391-45f8-b5a7-c8ee987b0af9,0.19229,0.46399,0.2,0.30943
9d4430d4-2305-453a-91d6-6a8d74e39896,0.26097,0.61522,0.6666666666666666,0.43747
01a7a7eb-3c62-4918-8ae7-f0349ccc2cff,0.51171,0.79383,0.5882352941176471,0.43537
c13ba205-a565-487a-a527-0f021e165cb4,0.02872,0.00758,0.0,0.34038
888b913c-27ca-40e1-8c6d-45d1e269d02e,0.50848,0.43386,0.2,0.42487
fc5341b1-8494-413d-ad40-a27d20d63f69,0.32232,0.4721,0.1111111111111111,0.32044
3c6ca840-0459-4889-8a55-154c6d79de7a,0.08274,0.65574,0.5,0.309
ae06705f-b9b8-4ac9-be54-54ba5e3b9e22,0.34323,0.32025,0.0,0.34099
426af887-5049-4123-acfd-e0e25b5a7195,0.31768,0.3883,0.5,0.47646
8211d921-d5a6-4beb-97a5-243a698d1078,0.46047,0.42912,0.4444444444444444,0.49193
5bf20e23-c446-4df7-9d6a-82378bac8bf2,0.56838,0.36421,0.04918032786885246,0.41778
65f7edc9-4a7b-487e-a8b3-74b6f1c298da,0.57452,0.03079,0.23076923076923078,0.5915
54ab7cae-6e5f-410a-918f-986f5c99f30c,0.31882,0.51215,0.0,0.26889
544cdd22-defe-45e3-85d0-5567e2fb49f2,0.39017,0.72184,0.3076923076923077,0.32534
badaace2-b79b-4b32-978b-a4b7ffe39c0d,0.20464,0.49067,0.36363636363636365,0.3592
fd6788e0-c5f9-4853-8dca-953fd6524b1d,0.48346,0.17925,0.75,0.68474
efa91d85-b784-4355-a526-76a2faac8f44,0.16392,0.5762,0.42857142857142855,0.33876
b76cb0c7-18a9-421c-a8eb-01907bd88f37,0.17662,0.5691,0.15384615384615385,0.25379
e697e8cd-2567-4a91-bd19-08fae48a3ebf,0.33707,0.62374,0.36363636363636365,0.35899
91db07fe-6629-4d1f-bbfa-03e1acd82bc7,0.34734,0.66671,0.4444444444444444,0.37502
7c60a499-d6da-4365-a4c1-8091452b4e93,0.20005,0.48918,0.4,0.37029
f46cc814-4e06-4d12-ad19-0b04ad2e1469,0.12409,0.33375,0.2222222222222222,0.33752
96c3349e-0c95-43d1-8997-72bbf12717f0,0.50009,0.39056,0.0,0.36984
c8f38eaf-30b7-4cd2-918c-8fbfa59a19a3,0.38093,0.21439,0.0,0.38885
8e80e9ad-70db-4b39-8bee-993a0a6d204d,0.27477,0.36788,0.0,0.3023
c61d85f5-06eb-4c54-afeb-ad2ba9f558e2,0.37052,0.2548,0.0,0.37191
39f88450-e623-4f59-a1f3-a97b815d933a,0.38265,0.45467,0.0,0.30933
0e0bde94-7ed2-427c-8a76-e48ae109ea63,0.22159,0.52826,0.6666666666666666,0.45333
acb8cfa8-fe07-42a4-8123-564f8afabbc0,0.21026,0.3351,0.0,0.29172
fbeec390-9047-483f-8a3a-ddf2f1033bdf,0.54394,0.78788,0.45,0.40202
3a7a2472-59b9-4ae2-a71a-abe8c9792dfb,0.41307,0.20073,0.0,0.40411
567085cc-bf1f-47b8-8d59-efdda8612597,0.17783,0.40123,0.07142857142857142,0.28268
ad1a7d53-6104-49b9-8469-d86f337e4665,0.33845,0.57046,0.0,0.256
16bcbd94-625a-46c8-9c24-c627b5225bed,0.36687,0.29988,0.0,0.35566
3c8f51ba-d6a7-4c55-883f-90d06ad55e85,0.25119,0.26976,0.0,0.32714
926e8171-160f-44b4-b772-19878653c6a0,0.29613,0.30916,0.0,0.32899
dcf72e4b-d226-4434-a7f7-e817cbde1faa,0.45687,0.63145,0.4166666666666667,0.41403
18027044-a77e-470c-9e10-85a88db134b0,0.32513,0.66358,0.0,0.22052
dde44ca7-8c94-4952-b26c-b22156c73cc5,0.25374,0.27385,0.0,0.32663
7bef27d0-7de2-46ae-8f42-95f37cd244a7,0.13796,0.36949,0.0,0.25616
ca24f122-374f-4540-81c4-525ae3abbf39,0.19362,0.60397,0.0,0.19655
48e1d598-d90b-4cce-9541-893949e5eb19,0.42991,0.58281,0.25,0.3657
4a0edf66-44bb-4534-93b8-86f06eca8960,0.55829,0.45325,0.6666666666666666,0.59057
c9d11071-0c45-4be2-a3e0-0b7142601f93,0.03653,0.46476,0.88,0.48392
5bb48744-5ebc-462e-9a02-ca190d85addc,0.32855,0.45583,0.09090909090909091,0.32121
44d3193b-216f-473a-b90c-06c202ed35fc,0.36691,0.29444,0.0,0.35749
a287533f-b46f-4c82-b302-d667ce15657d,0.26317,0.3766,0.0,0.29552
8be153f1-1672-4051-980b-670430fc2673,0.47011,0.63206,0.06666666666666667,0.30157
0175a778-59d5-467a-a74a-899fde4f6b2f,0.38369,0.66738,0.3888888888888889,0.3684
52b3a294-6541-4df1-9b39-679d51030da7,0.12685,0.34313,0.0,0.26124
77dca2d2-57ee-4f8d-ad74-d34f4a26a17a,0.32848,0.62074,0.16666666666666666,0.29147
1eb3355a-12ed-4007-9cc9-0b0108245024,0.29322,0.66269,0.3333333333333333,0.32129
65dfa902-1a26-40e5-a635-18262e39ec68,0.11229,0.75698,0.4,0.25177
d81607bc-da3f-494a-b243-9c77b5e0b186,0.2726,0.63765,0.15384615384615385,0.26293
c237b935-9d0b-4a9d-8ee5-0e2757282548,0.27876,0.36845,0.0,0.30344
b1dc19af-c5d4-425d-89d8-e8e031fd2889,0.29235,0.60114,0.3333333333333333,0.34151
a5b605e0-5cb3-42c9-9574-9c3cfb8c9266,0.14775,0.41292,0.0,0.24494
ca34a234-6e01-472f-8591-395d4e6e843a,0.21073,0.36616,0.3333333333333333,0.39263
8f15143d-833d-4422-9f55-b57e9bb7838d,0.37557,0.46996,0.43478260869565216,0.4468
62a5f9b3-4432-46a5-943c-c6b865febd9e,0.27015,0.59391,0.1875,0.28791
9592cc83-a523-4a1e-9709-82fb26f6e5e9,0.54787,0.15257,0.5,0.63177
ae87f34f-4d12-4180-9256-f4d5649fc1b8,0.60258,0.47739,0.0,0.37506
2f1ef154-a304-435b-8040-13d6dd3eb65a,0.31676,0.30025,0.0,0.33884
497d8e88-e33c-48a1-820d-9583f5c9dd35,0.41664,0.49945,0.5,0.4724
7ad09a62-41f0-427f-a0d1-ff7a6321ff16,0.45803,0.43007,0.0,0.34265
ae0f251b-7195-4452-8182-071f52fb9c42,0.15364,0.17354,0.0,0.3267
ab0614d6-1802-41e7-9e12-75f6cf00e17d,0.12207,0.83892,0.25,0.17772
6c78144b-555f-45e0-a627-186984cc38a0,0.13917,0.43596,0.3076923076923077,0.33697
210fac4c-f8f9-4f2f-bf0a-abd0a106dc4c,0.35922,0.32793,0.3,0.44376
fc420f9c-0e0b-48b7-91d8-815351bd82e4,0.49643,0.70061,0.06451612903225806,0.28678
92e2b27b-b665-4f3c-8415-730c8cf085fb,0.16762,0.2575,0.5,0.47004
57a567c7-ee2d-4e63-8a08-3e3bde78c7fc,0.55408,0.32118,0.14285714285714285,0.45859
70ad037d-21a1-43c4-9061-e4fb7bf83fe6,0.27701,0.58129,0.2857142857142857,0.32714
d0e3aae2-a93f-48c3-b88c-819c83ef8fb4,0.24745,0.50671,0.0,0.24691
b695a5ff-f1b1-4d8e-937f-1815cac1a2e6,0.51217,0.21698,0.2,0.4984
e05c3ba5-d1fc-4c60-9731-544444130ef3,0.28278,0.20822,0.0,0.35819
1d3efc31-e7b0-473e-9c2c-85e3224e5f6c,0.33671,0.48866,0.0,0.28268
21401039-6cdf-4d5c-a768-d277c5602be3,0.27139,0.26571,0.5555555555555556,0.52041
b0a0a7bb-d7a5-4370-ba68-b64e6c8dbd2f,0.34151,0.24666,0.4,0.49828
f0052087-f34f-441c-8ec3-245570ad40a5,0.35462,0.23386,0.05555555555555555,0.39211
67a7dd45-6989-4acf-837f-0f762f5de1ce,0.34696,0.88913,0.23076923076923078,0.22953
90b95dcf-bf77-4ea5-a081-4a6804cdd296,0.37988,0.36213,0.0,0.33925
791490f4-50e8-4976-930c-0c834e2e3652,0.43754,0.28762,0.08333333333333333,0.41108
465d2415-5c9d-409b-b5e0-c81d3642f683,0.3082,0.45834,0.1,0.31662
73c01779-706d-47a5-890a-5e56ca8ac2b3,0.59646,0.81489,0.05,0.27719
29864ddf-b9df-4de9-befc-ed9507530bf0,0.53404,0.21478,0.2857142857142857,0.53499
4a81ed3d-0a14-4f8e-b5b9-1565c6fc5402,0.27994,0.4642,0.0,0.27191
db239b61-8b35-4b1f-8b24-f85e03b2aeeb,0.39703,0.64683,0.23076923076923078,0.32699
a36351ad-e46c-4456-bd52-41a94f8ca2de,0.30382,0.48049,0.0,0.27444
291ceee3-b921-4be8-962c-866655a4b38c,0.36061,0.41799,0.25,0.39754
a88d50e6-3317-488e-94a0-4abbf57ffb03,0.50074,0.81637,0.0,0.22812
461d2359-63dd-409c-9495-d2b298af55ea,0.26746,0.37773,0.6,0.49658
f2c2b067-2da7-456d-b962-f87e0b95488d,0.66923,0.10791,0.4,0.65377
347e2155-eb31-4a43-89bc-d4198652e629,0.46251,0.62808,0.047619047619047616,0.29402
415c29c4-2ff7-405a-9c13-430ab2231d0e,0.69865,0.37593,0.25,0.52424
ff96547f-63b3-4140-9aed-4abecbf601e0,0.00563,0.67087,0.125,0.15325
37bc223d-d66d-4132-b8af-b7445bf5a08b,0.5262,0.66236,0.2857142857142857,0.38318
1da52f76-853c-47d7-904a-468f42a40ff5,0.2402,0.43822,0.0,0.26733
35a601c1-a1ee-4dc9-8728-17c92d7ede42,0.34642,0.32661,0.0,0.33994
4e37f100-2534-453b-80f0-67342dc4fc48,0.13456,0.4752,0.07407407407407407,0.24448
b38df948-7006-4e49-a394-7d762952366a,0.32305,0.34197,0.6666666666666666,0.54925
8230ebf5-9201-4185-912e-3270e317fd47,0.4871,0.30963,0.07692307692307693,0.41813
49a8e61c-9d85-4f02-8651-e2fc7d13a576,0.44875,0.13188,0.05555555555555555,0.45748
9b0ece03-d46c-403f-812a-47ca1d05d693,0.4148,0.65261,0.15384615384615385,0.30535
88297bea-5daa-40a9-b2bf-c650f40e717f,0.5694,0.19189,0.5,0.62584
f778c20d-9b60-47f6-8cc2-a86ee4e52aa7,0.4031,0.64291,0.1111111111111111,0.29043
aed44bef-68d6-40f7-b2f1-9f58c6f40735,0.35976,0.15872,0.0,0.40035
8fe50108-ad3a-43ce-bcab-b473e482018c,0.23404,0.45259,0.0,0.26048
8ab55fe6-3411-496f-92cb-aa92d6746c8f,0.28343,0.9203,0.0,0.12104
17fd28ee-e0d0-4256-9648-235174fbff8a,0.55663,0.33066,0.46153846153846156,0.5625
1aa88316-16ea-4497-843b-620c56951d6b,0.2714,0.71391,0.0,0.18583
07748fe3-56a7-4ecc-ad82-81f36960bd6d,0.00847,0.38329,0.0,0.20839
732cea7c-81ba-4c59-8e04-955192d52396,0.26148,0.24521,0.3333333333333333,0.44987
6283c0b3-a55c-4d8a-b318-c3326fe69d32,0.4545,0.17989,0.0,0.42487
1a04d18c-b206-437d-81ae-f8e73df6471b,0.56301,0.05894,0.5,0.66802
6fcb108a-1af5-49ce-a72d-6672b6104b92,0.36797,0.51979,0.35,0.39939
1d4003a8-cff1-4608-a47b-888def4459e4,0.53727,0.57511,0.2,0.38739
9a1e78ef-a7fe-439f-8095-e59f8a6343ac,0.33154,0.53824,0.25,0.34777
2c05783f-1017-41f9-96da-55af3ce61b5b,0.65245,0.43595,0.07692307692307693,0.43114
d07bee60-a845-4559-ab4a-a8011aa56a60,0.50035,0.53597,0.29411764705882354,0.4195
195ae398-b89e-4fc8-a1e2-cb28adc38cc7,0.33191,0.40542,0.5714285714285714,0.49931
88f26143-fd44-4856-a3eb-2d49ef2bdc0e,0.32974,0.31245,0.5,0.50576
aa0856fa-5e8e-4c7a-bfaf-b36341ab560d,0.38699,0.21114,1.0,0.72528
10e8b5ac-6473-4301-84d4-dd09a7fbbada,0.11783,0.40354,0.125,0.27976
52268eb3-433e-4c57-8379-f8bc57d7e4b9,0.62797,0.18658,0.05555555555555555,0.49898
3af74851-56f6-4401-950c-c46a53c01388,0.40953,0.38903,0.0,0.34017
a9934eaf-96eb-462c-8e63-e483be031216,0.20172,0.21807,0.09090909090909091,0.35819
e8db9b43-4254-4520-a058-17bb7d06c2ef,0.36626,0.51528,0.08333333333333333,0.31144
1ffe7272-a629-4daa-89dd-a5f0d73c21dd,0.24567,0.3566,0.1111111111111111,0.33339
7648a854-baa6-4456-b2d5-795ed73adba3,0.57452,0.13576,0.4,0.61292
633b9dd0-b4b5-4288-9405-47997db88679,0.10714,0.3802,0.5,0.40898
983ca9aa-47d9-4bd4-8e7c-a14e786ad905,0.05924,0.3426,0.5,0.40555
d0023993-7b3c-421e-a63f-e6a82074a50a,0.21719,0.57922,0.0,0.21266
fe515374-4abe-4841-937f-5d5c1937b9d5,0.32486,0.79819,0.0,0.17556
41d3cd4b-da71-4c4c-970f-83b13d88dfff,0.5117,0.29433,0.06666666666666667,0.42801
2c582b84-b91e-4450-b729-bd1a3988b008,0.28943,0.40803,0.0,0.2938
49c6cafa-ed5f-4694-90c4-26f2aa431776,0.40633,0.50949,0.3333333333333333,0.41006
78dd8b40-c442-4823-8972-7bba32931eec,0.31216,0.24089,0.6666666666666666,0.57931
cbb780e1-c534-496e-afb1-da8efcd66d1f,0.47885,0.52344,0.5,0.48514
4242bba5-9087-4e61-9cd5-16bb1098c6e7,0.24965,0.46938,1.0,0.59342
a4c6c2e0-e40e-47c2-834e-ae8bdf7b131c,0.54888,0.49905,0.23076923076923078,0.42687
7671374d-8539-4c4b-86ef-e2c04cf2b7a3,0.46479,0.73261,0.21428571428571427,0.31549
3b057e79-1622-4b41-a41f-f1b09240189c,0.48018,0.20106,1.0,0.75971
8335e645-17b6-4c5f-93a7-edd2491cb9d9,0.30821,0.75542,0.07692307692307693,0.2099
3c780664-fcc2-4278-9480-833da16226c2,0.42254,0.51242,0.15,0.35337
cd5003ce-34d1-4923-a7a8-8ae8cfecfac5,0.28914,0.73147,0.25,0.26922
29ef796c-a969-4c07-9082-7f155c7c2d17,0.42582,0.43086,0.3157894736842105,0.43692
1f68a6a7-2b5f-4c2c-92fd-88ad5e31f441,0.24156,0.50096,0.42857142857142855,0.38972
946b5a54-ee7d-4c27-8973-c81d7f39c88b,0.54438,0.62845,0.3888888888888889,0.43494
58f5bb38-3042-457f-a8e9-c20282b2ecd7,0.34815,0.46918,0.0625,0.31382
4413dda3-7280-4853-b190-48609a0f5c84,0.36991,0.75604,0.125,0.24629
069e96e9-0923-4c7f-9312-75d8fdd58e43,0.13736,0.67804,0.2,0.21977
b7233ac2-5f3c-4d8a-b9a6-e0602b6381a9,0.35425,0.45175,0.26666666666666666,0.38972
5488aff8-ea02-43f0-80f0-f4c82a8bb4c8,0.61066,0.51558,0.16,0.41836
a9fef3cf-d5dd-4e77-a8e0-c24b0a2f61e3,0.24107,0.45227,0.25,0.34627
c77be867-97d5-4bee-a74c-525d72de9478,0.01118,0.04717,0.375,0.44634
e3a5aed8-3cdc-4a10-a9a1-7cc353c5340e,0.36427,0.39236,0.16666666666666666,0.37953
82f0e4ce-d5ec-4914-9bf5-982682526b20,0.46667,0.44053,0.07692307692307693,0.36769
eed7fd05-59a0-48d8-ac75-c39d2448b4ff,0.37378,0.36276,0.5,0.50367
5d80a7ea-5790-4422-a9a7-977b27706be9,0.26585,0.24111,0.0,0.34158
15b145fb-d4e5-4edd-8100-99623fcdb4f9,0.40363,0.03578,0.09090909090909091,0.48625
1b306830-1b5c-4d3d-a4a5-efb18edd5ed0,0.41449,0.2216,0.16666666666666666,0.45319
5da6eab1-67be-46af-b61e-076192ba47c6,0.33201,0.40143,0.0,0.31019
70cef998-830b-490e-8efa-7bdedcc50950,0.17659,0.47078,0.3333333333333333,0.34638
f26bdd24-65a4-49b9-a051-7f80a4c0c9c7,0.31692,0.67234,0.375,0.33986
cc17cde1-86ef-47fc-901b-996e91e8700d,0.3014,0.5451,0.4,0.38543
2d0eff2a-6ae1-4aa3-be9c-1c7c1ea7b9b5,0.15991,0.7085,0.18181818181818182,0.21108
26432b9d-e652-4fd2-b58a-d4773357b957,0.18782,0.39781,0.0,0.26334
8fd14d97-6ed0-4578-9179-afca93a86e23,0.35801,0.51129,0.21739130434782608,0.3547
f8e99637-ab4c-4028-b990-2812d6779b41,0.19394,0.28726,1.0,0.63556
8cfb3888-51b1-4873-bebb-228a704a1edb,0.47804,0.14569,0.25,0.52745
bd527ac4-3292-41c0-8d48-cfb6a300b846,0.19186,0.82962,0.4583333333333333,0.27352
1f826a05-2907-4d88-a963-04f5383049cf,0.29606,0.41864,0.4117647058823529,0.42973
c49bb9a4-8a41-49e8-845d-8c78c9cdd9a6,0.41477,0.65933,0.0,0.25181
8913b451-a139-4ebb-a22c-c3daace77db2,0.63342,0.01938,0.6666666666666666,0.76024
7a662e45-3bd8-4d4a-a920-2172e34d35c0,0.52219,0.36763,0.3125,0.48902
f2c6ae7f-d18b-4dcc-a7f3-b8088588d5ef,0.34654,0.40358,0.21428571428571427,0.38575
e298b81e-cabf-41c6-9dee-d78413443ec3,0.39001,0.44372,0.25,0.39876
84fed6c6-89ae-4fc0-bdfa-ff73d4cb077d,0.15281,0.36478,0.0,0.26268
4a96ad09-44a0-4223-a34e-6de2b9c72b26,0.47532,0.33588,0.0,0.37981
b24112c5-6942-46d5-963b-2c137250c572,0.15293,0.42212,0.0,0.2436
541d3172-c10b-4489-b538-e05e8eb65f99,0.55235,0.51425,0.125,0.3877
9e771d06-ca4b-4e77-a754-e3c502a12df5,0.25863,0.50355,0.2,0.31836
b6ef3bda-3419-406d-9992-7a44a280853d,0.4365,0.34941,0.0,0.36236
831aae63-aaea-4d45-9112-b7d460c184af,0.26963,0.33991,0.3333333333333333,0.42102
af82a798-93d3-41de-8c2f-bc90e4213d3e,0.47678,0.64152,0.42857142857142855,0.42128
f408ecbc-ccef-4e38-af71-7a017048fa7f,0.55394,0.56211,0.0,0.33061
98835b8b-4d23-4979-b942-4fea30965d7e,0.19074,0.44999,0.4,0.38025
7117d670-3c49-4db6-8540-4d24e015826e,0.40379,0.32503,0.0,0.35959
418d79de-a717-43cc-b648-9da16c1e16ee,0.47243,0.30045,0.23529411764705882,0.46909
a834bb89-2709-4724-87e1-331d203c9006,0.46119,0.31628,0.5,0.5483
c30ea844-8692-46a4-b0f1-a48b90e25b98,0.32562,0.99055,0.23529411764705882,0.19012
a5f3167d-19e2-47b1-a3d2-f70e6881eddb,0.19125,0.30595,0.3333333333333333,0.40621
6b0d3f95-5f44-4c91-91c7-6a6a8324c63d,0.02639,0.62271,0.4,0.26789
32bb5153-466b-41cb-bf33-45fd56d84e94,0.47182,0.32331,0.0,0.38284
f048255d-62d1-4e26-8f37-fec36bbcd03b,0.30748,0.58371,0.4,0.37459
f8f9fca3-e455-4c97-966b-6cacf770ef04,0.30849,0.31282,0.0,0.33189
dee607e8-d104-427b-ad34-c0b3f4c2919c,0.12927,0.64976,0.6428571428571429,0.37412
bae4ac3f-21c5-4991-9935-3fc7cb02b440,0.27223,0.23756,0.25,0.42822
e07fc0c9-0548-473d-9b65-05660a8a0f19,0.41451,0.70368,0.4,0.37028
20eb1ee7-053e-4d26-945e-eee3dff19dbd,0.47333,0.50343,0.05555555555555555,0.34182
3054775a-bcbb-49b9-a2ce-d67ab383c816,0.07375,0.29309,0.5,0.42689
5c32b5e9-d2ef-48a9-b152-95ff2fb3dde2,0.37796,0.17002,0.375,0.52765
81810e12-e076-4e54-9a74-730d56a4c011,0.50218,0.36468,0.4,0.5125
d5e4377b-958e-46e0-8623-0eb84a486f4c,0.42809,0.45661,0.2727272727272727,0.41474
9318090d-8727-4dc5-a909-64fc6c2db70e,0.29562,0.36947,0.0,0.30872
7f2cb9c8-558b-4b71-8c16-aeb266ed192c,0.36819,0.49801,0.07142857142857142,0.31387
5af10456-3048-4919-95c6-18df32f7fd65,0.20339,0.25849,0.0,0.31497
9aa57969-c37f-43e4-be9e-897ced3ce8ac,0.47613,0.20046,0.3333333333333333,0.53633
dc3acaf1-0614-4b62-b8f0-384938f0de2c,0.23735,0.36852,0.5,0.45628
647c07f9-b8b3-422b-826c-161f9c09b419,0.31574,0.50242,0.3333333333333333,0.38222
c371a9f1-18bb-4e97-b5f5-82d1f841acf8,0.40708,0.30787,0.2,0.43307
3cb8337e-e0fe-462c-b0aa-0c391203e19f,0.1159,0.59778,0.125,0.21437
e3cb90b3-e753-4026-a558-ea8c32c8f2cc,0.48164,0.33849,1.0,0.71438
5fcd38f7-64f2-4d9f-b907-4b94fb807567,0.43836,0.72194,0.0,0.23881
258b7ead-34b6-4cdb-8f92-3019c167a0b2,0.53618,0.25102,1.0,0.76172
f9e90604-8525-446f-9f43-00d87554cdcc,0.50245,0.48417,0.26666666666666666,0.42832
852309fb-d936-4cbe-b825-4512c069ebfa,0.47454,0.32528,0.4,0.51642
7f874746-9aec-4370-8c00-b6027b1f7c7c,0.4581,0.33442,0.0,0.37456
fb2ac9aa-efe6-47c0-a2c7-c89ebbef47cf,0.248,0.5218,0.0,0.24207
3583b7c5-c910-4073-89a5-d5a3923f0771,0.402,0.30331,0.14285714285714285,0.41385
a37f005f-eaa4-4bb6-92ac-73db6f348740,0.55784,0.59597,0.08333333333333333,0.3484
bddaea67-6320-4977-9667-bc18e2ec78c1,0.26158,0.60645,0.35294117647058826,0.33602
b0de480b-89c4-4297-9c1a-0c9c1aa93267,0.55699,0.37891,0.3076923076923077,0.49526
7f183f8b-92a0-460a-b7ff-0a8b5d025c10,0.31125,0.56724,0.1,0.28134
36745564-6237-44aa-b231-698e1dc67b96,0.39962,0.40786,0.0,0.33059
75f1f005-fa1d-4b51-925e-4f7e431b80d3,0.32092,0.48182,0.0,0.2797
4d3dab4f-4207-4316-8c8f-b9c09438506b,0.13388,0.75713,0.2857142857142857,0.22082
074c3a7a-f8ca-498b-b765-66d30efe6f71,0.00411,0.54153,0.0,0.15419
38d34fa1-6980-49dd-955d-dcb429d7dd03,0.2099,0.5556,0.38461538461538464,0.34631
a2205ada-829c-48e6-96f1-7f62e63d2cd4,0.48483,0.54712,0.5,0.47924
ad79eddf-ff7f-413f-bacf-d13a8c23a1f3,0.51927,0.55473,0.13333333333333333,0.36596
c82e2426-4fac-4a84-a873-55803624a9d5,0.2452,0.23654,0.16666666666666666,0.39178
736c2818-dc91-4d10-bd31-b0941a30ef0f,0.1855,0.46149,0.18181818181818182,0.30194
5034bdf8-19af-42b9-8824-895acb9b3d20,0.23565,0.4353,0.26666666666666666,0.35567
f997201d-692e-4d24-b6fc-f3a26b41b97c,0.4541,0.23889,0.1875,0.46757
a8cfc0cc-77e9-4526-9a74-488a320259a2,0.79721,0.06623,0.35294117647058826,0.69464
1cbf6cca-771c-46af-b704-de716ffc7c29,0.53361,0.22139,0.3333333333333333,0.54852
d4d3e8ca-77e2-4172-85f4-0c0c32dd57b1,0.49801,0.4926,0.0,0.33514
f6905185-0f69-4ed2-8425-48c73a3ca282,0.3078,0.71802,0.16666666666666666,0.25215
e72a7b60-f59a-4470-895b-87ca12af4512,0.0769,0.59511,0.3333333333333333,0.27171
7c286979-19a2-44f3-a336-5f368c39f4c2,0.37865,0.51706,0.0,0.2872
58c08ea9-01d3-4a7a-a353-34747f895c79,0.08158,0.25234,1.0,0.60975
6a7599ae-9fb4-4c2c-a32b-334d7247936e,0.35742,0.29214,0.3333333333333333,0.4662
bcddaa18-3fd2-4f0c-86f3-864567a3b7f1,0.53994,0.2325,0.13333333333333333,0.48026
56d6f5fe-954d-4a9b-b4ea-c6f961ea8e39,0.2013,0.39109,0.0,0.27007
385f46de-ff2f-48e0-8070-164e2fc2f9c8,0.16881,0.77756,0.11764705882352941,0.16963
2b36bd23-59df-4820-bd0e-ee2cc2c77da5,0.2705,0.28389,0.0,0.32887
52ed8bb3-120b-4117-a3de-32d2af311922,0.45324,0.02408,1.0,0.80972
ccc56abc-8b73-4f31-aaae-08c12a89e16b,0.53717,0.16953,0.16666666666666666,0.51144
b9516e69-28a7-4403-abd4-a0ee4690d384,0.52139,0.58038,0.15384615384615385,0.36495
0dd2010d-693d-4a64-95c5-616a39ec42f0,0.1481,0.3509,0.6666666666666666,0.48796
d3e959bb-ddc7-4152-83c8-1dab4ae177a9,0.23167,0.45077,0.25,0.34363
65fde3e1-8d47-47a9-9163-c0fe9681d5bb,0.38148,0.75423,0.2,0.27575
551a1921-1c3d-4a57-8f85-a4a4de227855,0.19495,0.51906,0.22727272727272727,0.30105
c251110b-7d2b-4c71-85b4-a6f6058e86b0,0.20516,0.1509,0.6666666666666666,0.57364
0815c828-3ec3-4826-9747-db0ebe816112,0.43605,0.37414,0.4444444444444444,0.50212
33f2f448-341d-4bc9-a677-632b57a02f26,0.22165,0.35007,0.0,0.29053
b496550c-1c24-4c88-8627-cc4f6cc91417,0.32141,0.74566,0.3333333333333333,0.30303
4f5c2c96-6337-4df6-952e-19f9e2fb253a,0.05802,0.43574,0.0625,0.22826
cd71f09c-6e53-459a-b038-573d2394d58b,0.20243,0.48211,0.0,0.24011
af729322-5b21-47bd-b83a-270949ca32d6,0.36631,0.41393,0.0,0.31746
1b6eed20-0940-4c87-9a06-59e45d097824,0.57091,0.67754,0.17647058823529413,0.35661
0ecd78a2-17e6-4da4-95d8-34791b32b959,0.1377,0.26729,0.0,0.29014
ce16acab-6297-4b18-b573-0ebdb715d393,0.24872,0.30181,0.25,0.39897
e584b338-4f99-4c26-ad72-d84659eaaebb,0.44031,0.38523,0.0,0.35169
151d3090-3b14-416c-a376-0e99787d4414,0.47318,0.32715,0.06666666666666667,0.40423
fa578516-e048-4a03-bf97-4b4d39170bcd,0.40076,0.16548,0.5,0.57843
ff0f2357-5a2f-4907-b914-9439080dd7e5,0.44744,0.57415,0.25,0.37443
a35151f6-8bb8-47aa-814d-dc25ba3d40fa,0.28941,0.41147,0.5,0.45931
270bd76f-dfd8-4107-8248-afd60b9b37a2,0.31758,0.71261,0.11764705882352941,0.24087
f91ad7b7-1796-4f01-ab49-5101494bf14e,0.30809,0.49493,0.4166666666666667,0.40994
99483e01-e1b9-419f-9ae9-65c4353fc47e,0.00687,0.35275,0.0,0.21804
2517f325-3850-438d-a6b0-22a297b9a133,0.23736,0.54964,0.11764705882352941,0.26846
46103a3a-e8cc-49d7-8831-acaabd697075,0.32078,0.37905,0.14285714285714285,0.36153
737aa40d-bd68-4f16-8001-ef739c7f71b8,0.38626,0.60427,0.14285714285714285,0.30828
7dc9776c-2029-4bfc-919b-3ae5c63dd2f2,0.55318,0.72142,0.10526315789473684,0.31234
3d548e84-caf5-46f2-a1f1-b2b1591ce394,0.27255,0.21488,0.3333333333333333,0.46367
140a5f13-9f52-465a-98dc-237aef4447b4,0.54762,0.24929,1.0,0.76611
4e9312f9-8af0-4056-bf7e-7e57ac6eedc8,0.2373,0.32428,0.0,0.30434
4a5a9de2-26cb-4624-b76d-08196b77bf47,0.16903,0.61857,0.14285714285714285,0.23111
b39bc0ec-fcc4-401f-b2f8-ff4ae9bc9024,0.21995,0.32702,0.3333333333333333,0.40875
72862ce6-ca3f-4233-bc6b-b94a46f002a8,0.13373,0.4485,0.5,0.39508
697c3d74-ecac-4234-8f6c-897bd05e7cf6,0.15253,0.35086,0.3333333333333333,0.37833
b82faa03-0d54-4d2e-a92c-9d9ca427b46f,0.35667,0.47707,0.0,0.2932
2a4c5f02-4962-4e18-ba89-ef79d513eaf4,0.11236,0.58769,0.4782608695652174,0.33431
9317b1e3-6b51-4722-bc33-c7a42eda043f,0.46722,0.04971,0.3333333333333333,0.58361
b2faf540-dcf9-4dc9-b02a-ff431465d06d,0.14794,0.32707,0.2,0.34029
97555008-3224-40c8-90dc-7dd28251a2cd,0.00344,0.49413,0.0,0.16977
bfb4ad04-f085-4a02-9890-a01a0b80fc75,0.32979,0.35194,0.0,0.32595
0966ca12-1412-42b5-9255-3557b628538d,0.54729,0.27057,0.23809523809523808,0.50494
bd1434cf-2246-49e5-978b-65dd264196ed,0.22504,0.48118,0.0,0.24795
6273cd40-3584-4573-a75b-cab9bc58fa41,0.16609,0.45987,0.0,0.23541
66d4dcee-5980-46e2-bca5-4e59d865b06d,0.60015,0.2562,0.0,0.44798
311a613e-2373-47f4-9ad5-bebbf6327dcc,0.24365,0.28474,0.3333333333333333,0.43075
b8a06040-23d2-47ab-97b1-b20673b74337,0.13829,0.37185,0.0,0.25548
9ae33751-18a9-4aa5-8a1b-4f4478ef6214,0.54845,0.36255,0.0,0.3953
69cdf3b9-37e5-43d8-95af-d714c8e6c325,0.45938,0.24021,0.5,0.57306
ebf64a88-b644-4c23-8372-6764f5d82230,0.10081,0.32912,0.125,0.2989
9fe7d7b4-ee67-41ab-97e0-4285370fdab6,0.23699,0.43071,0.0,0.26876
e8cf8808-f253-4c44-a38e-550aae28aa84,0.47264,0.1,0.3333333333333333,0.56866
a6913b2a-0cbb-4f85-8339-a216cfdb9844,0.28428,0.45434,0.0,0.27665
90ace753-66a6-46f6-b131-38468739f49b,0.40741,0.4407,0.25,0.40557
9db6aa4a-f6af-46eb-a228-11b51f558545,0.50133,0.26524,0.6666666666666666,0.63425
166fdc4e-7d63-4282-b0dd-b429bbc0e520,0.37564,0.48165,0.1111111111111111,0.33503
0b3d0375-cac4-40e4-a734-0993b3ffb6cd,0.24583,0.44681,0.2857142857142857,0.36158
3e5c788d-ce4b-4578-83cd-f2d7bdaa414c,0.29932,0.47382,0.0,0.27517
6db80283-c87a-40fa-94b1-4f55f125c7c1,0.1168,0.60561,0.2631578947368421,0.25812
4ade1f5f-7c9d-45d0-b321-01940dcbb881,0.39903,0.50134,0.0,0.29923
808de582-1a0d-4be1-b1f4-b9cd64b7211f,0.45584,0.53398,0.1,0.34062
3aed74d0-1bbd-4c45-9959-9667d83dafe7,0.04288,0.38848,0.7777777777777778,0.47739
5d4de566-79eb-46f3-9258-12d808212661,0.55384,0.55491,0.0625,0.35381
97272a46-6ccb-4167-888b-0a113d211179,0.86289,0.92504,0.15,0.36262
dd1fba87-4797-4adc-b4d3-7c9d1c8daa44,0.2102,0.45773,0.0,0.25082
840df24b-6428-44c2-99cd-f5d1c6ec6c4d,0.52351,0.56006,0.047619047619047616,0.33702
681ec8ea-16ef-4bc3-ab58-078b729869c3,0.36238,0.54183,0.5,0.44018
5b7c9f77-d850-4449-bdb8-abbc15701368,0.38826,0.21053,0.5882352941176471,0.58866
794f4a0a-7401-4247-961f-ad2198fef8c7,0.38767,0.37019,0.25,0.42249
1f817c77-f122-45a7-88cd-ac21dd9f9a14,0.36122,0.36663,0.17391304347826086,0.3895
c1c9e332-26a1-4bcb-94fa-47c0cc946cff,0.40375,0.41952,0.5,0.49474
354d40ad-9aa5-46e9-aaef-507aea1dc448,0.51909,0.70346,0.05,0.28854
c3c58dbd-bc11-4998-9379-52a573029bb3,0.64453,0.29179,0.16666666666666666,0.50647
1ff0b39f-fdd7-4f44-bc9e-89ecbbf441e2,0.33546,0.64817,0.14285714285714285,0.27672
ecdf913a-9a92-4106-b8be-29384cf1f5e1,0.48856,0.42023,0.5,0.52278
142d6652-8fb6-41aa-a233-bea31ab449bb,0.44316,0.61432,0.08,0.30295
185e050a-a491-49e9-bcee-6678b72fe85c,0.09248,0.57448,1.0,0.506
c4d673a0-e330-43ba-b965-dbf118200ef6,0.20636,0.5016,0.0,0.23492
455c54c6-c4b2-4811-9441-54ea033f94a2,0.44121,0.02639,0.14285714285714285,0.51923
4385c2ab-19f8-4017-beae-6953bf95c87e,0.21135,0.74061,0.4,0.29025
e204a966-2ae3-40a0-aeae-d09cee4b2bd8,0.15763,0.75051,0.4,0.26904
fc87886f-d2d2-4d43-96b0-fa58c12fc51c,0.3884,0.48846,0.2,0.36665
57ca45fd-9aa8-456d-9046-5896a3ba3d85,0.43683,0.56057,0.0,0.29209
13463ca7-d3f0-4c0c-9cfc-bff3958c4f1e,0.60075,0.82687,0.2,0.32463
5df51ca1-1d12-47be-982e-9abf597ac522,0.59413,0.42377,0.1111111111111111,0.42716
3030ab3b-37d1-4dea-aa6c-d760dc43705a,0.37802,0.62854,0.23529411764705882,0.32826
9d9bdb22-4bed-46a2-b6e4-af8d29ba256a,0.60501,0.22998,0.1,0.49168
3b2cbdf9-28d2-4f2b-967f-053544e69e6e,0.33278,0.482,0.15384615384615385,0.33488
17515296-8a75-4733-85f9-bc564b790808,0.2173,0.21551,0.0,0.33393
2ab7e123-b817-429a-93e7-b2aa2c730810,0.22313,0.71851,0.14285714285714285,0.21583
dc5e1daa-0e14-4fce-a346-5afdf88212d1,0.32852,0.63136,0.16666666666666666,0.28794
2997103c-2422-44b4-977d-9beb3b0e0885,0.29373,0.44302,0.5,0.45024
cbef1b58-ffce-463c-b9c7-007dbff173d7,0.56878,0.63529,0.3333333333333333,0.42227
c9e28305-3508-4250-a242-684f86289e2c,0.74233,0.01674,0.25,0.65853
3b3d3d4b-81e5-4e33-8292-6a6fe460f643,0.31689,0.40755,0.07692307692307693,0.32875
a613f44d-986d-4f34-a92e-e06b32e630a3,0.26579,0.45608,0.0,0.2699
6ba274ad-5f2f-401b-baa8-679db236dc29,0.22218,0.62777,0.0,0.19814
7440602a-44bd-4cd1-bdaa-91bea1cffda7,0.16241,0.44761,0.0,0.23827
e40f7ce8-cce8-4c5e-b019-4a875f3c87e4,0.29418,0.44254,0.0,0.28388
9da6a87b-8c68-498f-8543-082d60295b2a,0.3482,0.10611,0.3333333333333333,0.52514
eea2912e-fd3c-4e61-97fb-ad1be35d5e02,0.38044,0.38538,0.3125,0.43585
391d8a6a-5d39-4ee6-95db-28b19b486529,0.50641,0.31903,0.0,0.39579
18c70a6e-d33c-48dd-8523-98142f29c556,0.29207,0.4906,0.4,0.40049
392f4c44-18a5-4370-b6f9-cb7e014b5042,0.10582,0.55063,0.14285714285714285,0.23268
2a00b309-532c-4280-b215-a47c4f0a7463,0.42093,0.53698,0.23076923076923078,0.37157
1ea66233-4f61-4cc4-afe3-4bffbdc80962,0.40113,0.38556,0.0,0.33852
7c90449c-ebb1-4236-9ed8-22e5a76bcd4c,0.04834,0.15605,0.14285714285714285,0.34505
2ebe5b6a-e30f-4381-8b42-5d9735f6790b,0.15065,0.33329,0.0,0.27245
9327c563-773b-40d0-8147-1da27b6b2317,0.20506,0.58175,0.32,0.31444
fb5c8c3d-8120-493d-af84-f223e818fdba,0.19859,0.52003,0.4117647058823529,0.36344
f488ba0d-0be4-4f09-a957-9807a70dfc2a,0.43649,0.72938,0.3125,0.33987
aea0eb13-1959-4a68-838c-068219dcabf5,0.1502,0.32715,0.3333333333333333,0.38546
559a3a01-8c78-4930-9e62-7745e0e3c461,0.33186,0.38476,0.0,0.3157
844e27cc-cdbf-4084-883f-b09cda56c5ac,0.20528,0.45843,0.0,0.24895
bc7e91db-9643-4f50-bb44-79aaed134f87,0.40996,0.61764,0.0,0.26411
eb3089f9-7b2e-406a-abab-e52d878de0bb,0.31479,0.34568,0.0,0.32304
9ad72dd9-472d-469f-989b-c7570548f974,0.1995,0.66739,0.0,0.17737
7cbdb4a4-ebca-438c-bf6f-09097b74338f,0.17679,0.38208,0.25,0.34824
e06bf4c4-9f29-468b-8551-13f29063d153,0.42282,0.35684,0.09090909090909091,0.38563
d4adf15d-4c57-4713-893f-19ba51248984,0.49258,0.11319,1.0,0.79313
fcdf1845-9925-4db9-a45b-60c62dad4e69,0.29792,0.60073,0.75,0.4824
36231c39-ec3e-41e0-83f1-770f5661f465,0.41179,0.43808,0.5,0.49124
aeb7b10e-74ff-4dfd-a1b1-3e74c2b48d58,0.43033,0.79975,0.2,0.27686
6c82b6e3-506d-4ab3-b346-5c3b1dca4778,0.28914,0.75555,0.08333333333333333,0.20564
41e02d45-c983-4fd7-a38b-68cb51430f64,0.22423,0.73698,0.09090909090909091,0.19272
93798065-76fd-4675-a97d-0b440d42a0b2,0.39972,0.21426,0.0,0.39515
e03f8fd1-41c9-479b-b9b3-3885e84e9161,0.13735,0.64852,0.5652173913043478,0.35135
c829b1d9-0043-41a1-9278-3c6a34c50549,0.49578,0.23134,0.3333333333333333,0.53259
5245bf94-6002-4ae3-adcb-e34315843e77,0.22695,0.34853,0.21428571428571427,0.36424
b47c5944-88c6-49f7-acfd-a8d0d3fd12e8,0.23648,0.29168,0.1111111111111111,0.35197
43b7cfd9-b1b2-422a-b525-8817961f5754,0.32918,0.17628,1.0,0.71763
a0dcb4df-7bcd-4ffb-843e-9aacf802d950,0.28387,0.09539,0.5,0.56283
5685d5a7-94dd-47fd-81b0-70361cbed43c,0.63277,0.34323,0.0,0.42985
a1a86d75-1a22-498d-9fc2-4c43e3879e61,0.38536,0.35693,0.5,0.50948
fde33e91-0eba-4b69-a232-022aa8fbeac8,0.33214,0.3671,0.0,0.32168
a54f6f59-8e0c-4c0f-b20c-9abf33d7481f,0.33268,0.713,0.25,0.28989
d57383c3-65cf-4dcf-9efa-0b4260cbe006,0.4297,0.48127,0.23076923076923078,0.39307
33abe7d9-c612-4453-abe6-0c9f00461a6b,0.61433,0.33991,0.11764705882352941,0.46402
47379cea-3426-4847-b710-6bd7c8034ae0,0.40416,0.51622,0.0,0.29598
917e6b0d-0f4a-4f3a-abbe-1c987fcd2f17,0.40401,0.61079,0.2,0.33107
283ecf63-5806-4d55-b6d4-c117330c5591,0.4649,0.03545,0.25,0.55982
6f3df5f1-b99e-4068-8ee6-d162644911d5,0.34649,0.35915,0.0,0.32911
f0ef2050-12d9-44b1-8fad-ebf89bf591b7,0.39252,0.22846,0.0,0.38802
a5c23b91-3a9e-4593-982a-a8b4333be39f,0.16475,0.47751,0.0,0.22908
708b4b64-de32-4d06-913c-7adcb589e44d,0.39252,0.3581,0.0,0.34481
5c62b278-c4b9-43eb-ae57-4f621afc1bf6,0.61724,0.68649,0.041666666666666664,0.32414
a4818cdd-3ca2-439e-975b-3b3960852f45,0.35009,0.64232,0.0,0.23592
546aacff-1264-4811-9081-b53b68a98fd2,0.25576,0.31502,0.15,0.36358
839b7a8d-0e8c-413a-b806-01cd221f3051,0.29325,0.52353,0.14285714285714285,0.30419
cc7b354f-4efa-439f-a99d-336983ef042e,0.19783,0.61544,0.3333333333333333,0.30524
c4377e3b-a812-4fde-82da-7b18bb07855c,0.32617,0.46638,0.0,0.2866
e06a434a-9df7-4891-bdcc-f1d7f92eaeb4,0.49679,0.63944,0.0,0.28578
bd0cf33d-e089-4a0f-b6d9-184d9fc6d54d,0.23885,0.28927,0.0,0.31653
173dd323-edbb-40ef-9e52-a1664db052e6,0.53357,0.40404,0.22727272727272727,0.45227
332d77eb-3be3-4b49-a13d-ad7b0fb7e847,0.29347,0.30493,0.13043478260869565,0.37299
df0a92b6-68eb-4036-a116-5f1987b65b1a,0.48408,0.31982,0.05555555555555555,0.40661
a78ce8c4-e482-4728-8cc4-8d927889d4c7,0.37616,0.57759,0.25,0.34952
30e733ef-0cd8-4e47-a2ea-84b75dcbfd4d,0.91369,0.35592,0.0625,0.54009
26d3dfe9-5302-4878-b3cb-3b517ba9bb8c,0.22517,0.44087,0.0,0.26143
40e4c425-33c2-4f41-ae94-6a9582eb225f,0.33907,0.65524,0.14285714285714285,0.27556
68cbcada-a4d3-482e-a2bc-5393faae0c0f,0.53234,0.45974,0.0,0.35753
6d634333-4709-49bd-a72c-69e8b559bc3d,0.26177,0.30362,0.0,0.31938
50e9e455-b878-4ffe-9826-84177768a75e,0.25405,0.30885,0.0,0.31507
29750883-8751-4718-843b-426925537676,0.24494,0.41374,1.0,0.6104
ad5f70ec-a16a-4c68-a896-d4e523932e4d,0.19867,0.23633,0.5,0.48745
723514d5-7920-4df7-bc27-5a9d37a8950f,0.29701,0.87737,0.15625,0.19196
f4a2dc7b-bb28-45b5-b699-deb38d1d92af,0.4251,0.47083,0.2777777777777778,0.41068
5d9f832c-9466-4028-88f2-b2920e37ca4d,0.55804,0.4874,0.5,0.52355
2ebd1c62-1f83-4149-8012-021780a149dd,0.42027,0.08169,0.0,0.44619
89985e2a-7baf-41b0-84df-906a7d19bb55,0.59988,0.35459,0.13333333333333333,0.45954
3bee053c-dd4d-4d7d-b449-ba82f91ce4e6,0.03925,0.26279,0.047619047619047616,0.27469
af18d370-8864-443d-94f2-2e5b9ae3a593,0.48063,0.78486,0.0,0.23192
e54bfed9-be62-4b35-97b2-e5837750be3a,0.34,0.77714,0.2857142857142857,0.28286
99afc12e-8686-4b02-9e1f-bc10f326e138,0.40777,0.58213,0.125,0.31688
062a905b-829a-4cb7-b8d5-9caced445d49,0.65037,0.63585,0.0,0.33817
a271edfa-abff-43ac-a27f-72a1382c2ac0,0.32524,0.43182,0.0,0.29781
63071e77-2c86-41b2-9243-7d9200e7f9a2,0.26406,0.51545,0.0,0.24954
b7bf3cc4-0e01-4658-81fa-46bfe84e5e12,0.29158,0.67719,0.0,0.2048
026ca45a-3826-4c2f-9a58-86b514759634,0.30678,0.39087,0.03571428571428571,0.31721
81ddd7a3-90a1-4921-b66f-608fc10dc8de,0.16964,0.59011,0.0,0.19318
22af3cb3-561e-4bb6-9bd9-45c9e86af5f6,0.38526,0.16218,0.0,0.40769
d07ab85f-7e8f-4bed-9cff-0eba51d84783,0.26724,0.50423,0.0,0.25434
aee12a14-9a41-413e-8319-368b31b79d86,0.52359,0.51924,0.25,0.41812
42087610-fd6f-476c-9d5d-d7ee4203d8e2,0.56632,0.46382,0.5,0.53417
96d19dac-9741-4bab-8845-9ca125129db5,0.23832,0.34432,0.0,0.298
f85da7e3-e53f-45d4-a173-a10da675239b,0.16499,0.18597,0.3333333333333333,0.43745
3fe6be51-c3c6-4637-a25e-8f9602e8754a,0.1781,0.66394,0.0,0.17139
2bdb9bf7-a3d8-4f35-b0ec-b0086f1b28aa,0.34318,0.40747,0.125,0.35357
833fb669-9a95-43a8-b6c8-3a6dea3e8006,0.42163,0.32985,0.2,0.43059
7ea26efe-2915-4a84-a5b2-578ec1daa6ce,0.21639,0.63989,0.2727272727272727,0.28308
7edeb3c5-d88f-471f-b1fe-39dab7173ab0,0.53748,0.27971,0.25,0.50259
713ee18e-5f48-4bd8-9284-83502c33972e,0.24375,0.4022,0.25,0.36385
e5604cba-1174-4b69-bb97-513c03cd1bb3,0.33087,0.48315,0.5,0.44924
a2151f2d-469a-4ba0-827a-b90321ca5d65,0.26498,0.50567,0.0,0.2531
c3bb5a7a-a154-4e27-85c4-649b725548b2,0.15438,0.66594,1.0,0.49615
3c4930fc-e86e-4793-a00f-83732ebf4c91,0.3263,0.51362,0.0,0.27089
5cecafa2-dbcd-429f-847b-1a428143dd3e,0.55514,0.3873,0.16666666666666666,0.44484
4fade498-30a7-4ef1-8dd1-cae646af69dc,0.45818,0.39866,0.3076923076923077,0.45574
76d5fbea-cf33-48f0-bfc5-4e12ea35650e,0.13689,0.59855,0.2222222222222222,0.25352
4fe893bc-3aa0-40b6-bf79-beaf56434a45,0.29795,0.81407,0.2,0.22796
fd2dda02-536e-4241-8a95-62129564730e,0.41523,0.48891,0.4444444444444444,0.45692
fe2f6892-cd9c-4af1-b697-763b5b696f64,0.31557,0.3586,0.0,0.31899
937009c9-2b59-41f1-a5dd-ca764371a0f7,0.52901,0.47745,0.3333333333333333,0.46163
d10e788d-9975-4696-b75b-67122f6a1331,0.17852,0.15308,0.5,0.50848
7a753759-771f-4933-b47e-7fabeb36bd52,0.30918,0.53041,0.5,0.42626
1915ec4a-e633-4651-991b-c7bb94107840,0.45358,0.5603,0.13333333333333333,0.3422
8bc2720f-a4cc-479a-a133-ae3c8d6dd2f3,0.49359,0.60743,0.0,0.29539
801bd5ef-825b-41a8-842c-3e30d4815958,0.42986,0.47436,0.07692307692307693,0.34414
e8183938-82f9-49a9-b388-5122836b761c,0.18223,0.50767,0.5,0.39152
212c795b-cbef-4dd4-bdd1-6ea1716602ba,0.215,0.59537,0.7,0.43988
d255ae2d-fcde-4f29-9383-2432267a48c3,0.19269,0.77564,0.06060606060606061,0.15922
afb47e9e-ea0b-4613-a696-8a4a17afe584,0.53896,0.42037,0.5,0.53953
3c104849-751c-49fd-99c3-4a41b4c053d5,0.20457,0.40593,0.5,0.43288
4bcc24d5-5e00-4a27-91c5-4df518e7565e,0.4707,0.28015,0.25,0.48018
4784a575-3e52-44ee-a8a9-ef5b04d4ac61,0.42834,0.76106,0.1111111111111111,0.25946
9333dc40-351b-4766-9074-9ad9427d06ae,0.1306,0.64977,0.2727272727272727,0.25119
a0321bc8-e0ea-44cd-8f60-24cc2a5fa9d2,0.26386,0.52948,0.2,0.31146
8205c2bd-582e-441b-9fce-437ba1c1a845,0.44939,0.54441,0.14285714285714285,0.34928
f862ca6c-1b49-4fb2-bc6e-0301abfb1e03,0.06898,0.41339,0.0,0.21853
fbed2ec4-49b8-4b0e-a41a-cb00b8650104,0.12553,0.73972,0.0,0.1286
33a7d57b-c9c5-44cb-b4e8-623dff220907,0.29961,0.57035,0.631578947368421,0.45361
6547958f-bcf9-4b50-b931-083b2dd02c22,0.19461,0.64377,0.024390243902439025,0.19174
29e6a396-e6be-42c7-9ba7-ecd8309533aa,0.56779,0.37306,0.0,0.39824
3ea2f9c5-6832-464e-8d09-1c4c4b7f6177,0.31645,0.44865,0.0,0.28927
bb5eaac9-fffa-4472-a5f2-9d1ba0a248de,0.32648,0.33845,0.2857142857142857,0.42458
33cd9fd0-7d61-478d-8c39-325d95f1af2e,0.00662,0.55537,1.0,0.48375
4ec394bb-0cd5-4782-833d-05416c5498ee,0.35526,0.19224,0.0,0.38767
5d718864-9423-4bdd-b7c9-629112e3069e,0.30416,0.46594,0.0,0.27941
77fddeda-f4a7-4435-b55c-3ea8378ab845,0.32911,0.62382,0.5,0.40176
e6e3614d-c372-4e56-9671-96ab4439461c,0.49657,0.03453,0.16666666666666666,0.5429
42310dc6-7b1e-4259-ab4c-c6d625e8d5ca,0.4138,0.32919,0.1111111111111111,0.39857
6740305a-10e0-42b1-9cd8-d97bc75c5379,0.45706,0.47528,0.045454545454545456,0.34241
bbbe94f0-f03f-4bfe-a413-a305560a3288,0.5678,0.46783,0.0,0.36666
06200bc8-a64b-441b-be0a-69e444807b44,0.57866,0.57074,0.0,0.33597
b5ff4028-ee44-4b5f-aec3-83476c36e4f8,0.4626,0.51523,0.1,0.34912
c74cb02f-d0fc-406f-992c-24a6e94f2858,0.58422,0.63985,0.25,0.39812
9e9864df-4a70-4bc1-a24a-641743939d20,0.402,0.38147,0.1111111111111111,0.37721
8fe0fc5e-1800-4ebe-84e4-b40046edb706,0.36401,0.57138,0.0625,0.28504
e2dce63c-4cb3-4fcd-b983-968b046951a6,0.34773,0.4513,0.2,0.36548
2388e0a6-bde9-4084-b4a6-d68f50871179,0.3483,0.41928,0.0,0.30967
ca31a667-0135-4d5d-b948-d06985ca33cd,0.13988,0.33207,0.0,0.26927
0ad4aef8-f4bc-4082-a28d-104c04e267f1,0.3024,0.66291,0.18181818181818182,0.27377
0cdc1757-a9c9-434c-b1ca-17b15e736354,0.44277,0.55488,0.0,0.29596
8ab076bc-b877-4575-81fc-fe795d9b7313,0.16397,0.33851,0.0,0.27515
152c4fd4-7abf-4342-8d8d-2cc4f0aa89d8,0.33431,0.36584,0.08333333333333333,0.3506
a042682b-0b8b-4a72-a57e-984611532c1a,0.47736,0.51141,0.0,0.32198
36a0ea44-3a43-4d1b-ac9c-b94c23bb24c0,0.19974,0.59658,0.6666666666666666,0.42328
9b44b397-fba0-4b3f-ada3-b6e5fc8be093,0.30149,0.49813,0.6666666666666666,0.49001
6d520ccd-d5ca-45cc-8d31-50d132996e94,0.5113,0.44177,0.0,0.35651
f9dd9426-8fb5-4e4b-adf8-be17ff30bcb8,0.28332,0.69013,0.2,0.2644
7bec8641-4a3e-4afc-a93f-f27f67ecb757,0.40624,0.43769,0.2,0.38952
28bd6212-1436-48b8-8ac6-c0525f1ccaa8,0.14067,0.20842,0.14285714285714285,0.35837
a7e45fd8-4391-4d7b-8783-7da138962a86,0.35554,0.52953,0.45454545454545453,0.42685
05af36dc-d73e-42ac-8c51-44dce8bdd8e0,0.50206,0.32227,0.0,0.39326
e7ae588d-b473-4db6-9737-3fedf1381463,0.51101,0.46081,0.16666666666666666,0.40562
a33a467f-598f-47c0-ab4d-1f9adeb8cfae,0.23747,0.37635,0.3333333333333333,0.39815
a4491e5a-8a75-4f45-9b8a-5118e67230bd,0.51988,0.00534,0.5,0.67151
424ae79e-eb87-4be8-b90b-30a11d9b3967,0.50639,0.33659,0.0,0.38993
e64ee49d-e12f-4e10-a053-2ac9b49a0f0c,0.3686,0.55012,0.0,0.27283
421e7781-e6a0-4504-8849-80408cd0528f,0.27956,0.37788,0.5,0.46723
37bb5a4b-c6c8-4518-ac78-5a7cd8705258,0.30424,0.49593,0.25,0.35277
bddad077-d911-4ae1-8b0d-22c78aa5e6b8,0.43643,0.83233,0.0,0.20137
608392ee-9adf-4d67-aecf-706e10823a8a,0.27998,0.4368,0.0,0.28106
6c543070-6939-4357-8e00-9f65384909f9,0.46779,0.74354,0.038461538461538464,0.25424
10cc5f00-0476-4af4-850b-23c6fa83a336,0.11745,0.36797,0.0,0.24983
5c8f181c-f4e6-474d-ae18-816459556e54,0.2692,0.40911,0.2222222222222222,0.36077
52a42587-72a1-47a3-8101-860de8daf3ad,0.43395,0.40113,0.36363636363636365,0.46549
0c7544a3-d0d4-41ea-b149-6bf5098d29be,0.89107,0.34388,0.17647058823529413,0.57455
