q01	d259:0.1148,d085:0.0899,d186:0.0802,d254:0.077,d016:0.0735,d170:0.0685,d154:0.0575,d153:0.0528,d008:0.0491,d209:0.0479,d296:0.0474,d163:0.0464,d089:0.0411,d215:0.0389,d060:0.0353,d100:0.033,d094:0.0329,d185:0.0323,d006:0.032,d315:0.0301,d243:0.0298,d004:0.0293,d099:0.0271,d179:0.0265,d145:0.0254,d162:0.0245,d039:0.0245,d312:0.022,d059:0.0214,d065:0.021,d077:0.02,d299:0.0198,d273:0.0197,d329:0.0196,d082:0.0193,d028:0.0186,d311:0.0183,d317:0.0182,d212:0.0177,d195:0.0172,d130:0.0169,d255:0.0168,d265:0.0168,d284:0.0166,d074:0.0164,d152:0.0164,d281:0.0164,d136:0.0162,d164:0.0161,d184:0.016,d032:0.016,d172:0.0152,d275:0.0151,d123:0.015,d021:0.0147,d038:0.0145,d052:0.0144,d024:0.0143,d316:0.0143,d229:0.0143,d234:0.0136,d116:0.0134
q02	d147:0.1333,d149:0.0997,d283:0.0867,d291:0.0734,d293:0.0703,d136:0.0647,d037:0.0591,d002:0.0545,d014:0.054,d282:0.0496,d052:0.0385,d316:0.0383,d039:0.0373,d294:0.0341,d023:0.026,d318:0.0247,d143:0.0235,d134:0.0225,d187:0.0205,d107:0.0204,d103:0.0202,d166:0.0201,d306:0.0199,d128:0.0198,d150:0.0186,d211:0.0182,d145:0.0179,d139:0.0178,d296:0.0178,d051:0.0173,d117:0.0168,d268:0.0164,d106:0.0163,d017:0.0162,d222:0.0161,d124:0.0161,d142:0.016,d287:0.0155,d164:0.0151,d058:0.0148,d119:0.0148,d252:0.0147,d250:0.0142,d160:0.0139,d290:0.0139,d020:0.0138,d090:0.0138,d131:0.0138,d248:0.0135,d137:0.0134,d320:0.0133,d047:0.013,d185:0.0129,d173:0.0129,d234:0.0128,d197:0.0126,d227:0.0126,d108:0.0126,d246:0.0123,d254:0.0122,d044:0.0116,d237:0.0116,d046:0.0115,d031:0.0113,d243:0.0112,d172:0.0108,d307:0.0106,d018:0.0105,d202:0.0104,d068:0.01,d151:0.0099,d083:0.0099,d260:0.0097,d098:0.0096,d210:0.0095,d144:0.0093,d158:0.0093,d121:0.0091,d022:0.009,d042:0.0088,d263:0.0087,d021:0.0087,d179:0.0086,d264:0.0086,d229:0.0085,d305:0.0085,d116:0.0085,d154:0.0084,d206:0.0083,d239:0.008,d082:0.0077,d251:0.0077,d007:0.0076,d054:0.0075,d140:0.0072,d122:0.0072,d212:0.0071,d245:0.0071,d005:0.0069,d062:0.0067,d242:0.0066,d308:0.0066,d221:0.0065,d215:0.0064,d269:0.0064,d228:0.0063,d180:0.0061,d120:0.006,d064:0.0059,d225:0.0059,d262:0.0059,d319:0.0058,d257:0.0058,d063:0.0058,d130:0.0058,d327:0.0057,d153:0.0057,d204:0.0057,d133:0.0057,d010:0.0056,d186:0.0055,d029:0.0054,d323:0.0054,d200:0.0053,d077:0.0052,d118:0.0052,d218:0.0052,d255:0.0052,d298:0.0051,d271:0.005,d324:0.005,d019:0.0049,d129:0.0048,d230:0.0047,d040:0.0046,d224:0.0046,d236:0.0043,d043:0.0043,d055:0.0043,d050:0.0041,d198:0.004,d232:0.004,d105:0.004,d070:0.004,d219:0.0039,d045:0.0039,d273:0.0038,d001:0.0037,d238:0.0036,d322:0.0036,d309:0.0035,d141:0.0035,d300:0.0035,d317:0.0035,d190:0.0034,d233:0.0034,d061:0.0033,d277:0.0033,d285:0.0033,d102:0.0033,d101:0.0033,d163:0.0033,d297:0.0033,d161:0.0032,d284:0.0032,d313:0.0032,d281:0.0032,d279:0.0032,d278:0.0032,d226:0.0032,d216:0.0032,d314:0.0031,d214:0.0031,d205:0.0031,d079:0.0031,d004:0.003,d266:0.003,d302:0.003,d191:0.0029,d196:0.0029,d330:0.0029,d080:0.0028,d024:0.0028,d286:0.0028,d067:0.0027,d244:0.0027,d304:0.0027,d152:0.0027,d249:0.0027,d188:0.0027,d184:0.0026,d328:0.0026,d194:0.0026,d085:0.0026,d203:0.0025,d003:0.0025,d162:0.0025
q03	d283:0.1067,d291:0.1045,d015:0.0776,d318:0.0541,d087:0.0503,d136:0.049,d184:0.0484,d316:0.0434,d139:0.0401
q04	d270:0.1393,d019:0.1327,d310:0.1108,d049:0.1084,d275:0.0973,d010:0.0896,d289:0.074,d286:0.0572,d100:0.0488,d330:0.0481,d184:0.0438,d013:0.0156,d111:0.0147,d205:0.0143,d314:0.0137,d130:0.0137,d093:0.013,d091:0.0129,d060:0.0126,d110:0.0121,d306:0.012,d196:0.0118,d046:0.0117,d213:0.0115,d252:0.011,d199:0.0108,d296:0.0103,d303:0.0103,d208:0.01,d298:0.01,d308:0.0099,d301:0.0096,d081:0.0095,d246:0.0093,d121:0.0092,d142:0.0092,d082:0.0092,d001:0.0091,d075:0.009,d312:0.0089,d018:0.0089,d327:0.0088,d300:0.0087,d122:0.0086,d133:0.0085,d071:0.0085,d307:0.0085,d292:0.0085,d005:0.0082,d160:0.008,d020:0.0079,d216:0.0078,d268:0.0076,d048:0.0075,d180:0.0075,d251:0.0073,d193:0.0073,d230:0.0072,d089:0.0071,d040:0.0071,d041:0.007,d262:0.007,d087:0.0067,d043:0.0067,d164:0.0065,d264:0.0065,d194:0.0064,d050:0.0063,d114:0.0063,d259:0.0063,d192:0.0062,d198:0.0062,d124:0.006,d290:0.0059,d263:0.0059,d063:0.0057,d319:0.0057,d248:0.0057,d261:0.0057,d253:0.0056,d104:0.0056,d088:0.0055,d186:0.0054,d030:0.0053,d117:0.0053,d212:0.0053,d014:0.0053,d029:0.0053,d131:0.0052,d126:0.0051,d163:0.0051,d023:0.0051,d061:0.0051,d279:0.005,d265:0.005,d113:0.005,d062:0.005,d215:0.005,d226:0.005,d214:0.0048,d269:0.0048,d073:0.0048,d266:0.0047,d108:0.0047,d119:0.0047,d250:0.0046,d123:0.0045,d021:0.0044,d257:0.0044,d189:0.0044,d024:0.0043,d125:0.0043,d055:0.0042,d244:0.0042,d304:0.0041,d234:0.0041,d136:0.0041,d227:0.004,d175:0.004,d039:0.0039,d162:0.0039,d280:0.0039,d241:0.0038,d052:0.0037,d271:0.0037,d157:0.0036,d294:0.0034
q06	d329:0.2424,d297:0.2296,d026:0.1713,d029:0.1245,d257:0.1093,d025:0.1085,d233:0.0942,d069:0.067,d186:0.0483,d303:0.0466,d077:0.0456,d302:0.0421,d004:0.0421,d012:0.0393,d154:0.0341,d166:0.0338,d023:0.0323,d211:0.0316,d139:0.0301,d215:0.027,d225:0.025,d021:0.024,d208:0.0216,d265:0.0216,d060:0.021,d231:0.0205,d245:0.0189,d236:0.018,d220:0.0172,d070:0.0169,d192:0.0169,d003:0.0165,d110:0.0165,d134:0.0162,d081:0.0162,d237:0.0159,d319:0.0154,d270:0.0152,d104:0.0151,d044:0.015,d170:0.0149,d247:0.0147,d128:0.0145,d212:0.0144,d202:0.0143,d209:0.0143,d163:0.0138,d061:0.0137,d034:0.0133,d079:0.013,d205:0.013,d129:0.0127,d193:0.0126,d098:0.0124,d018:0.0121,d262:0.012,d041:0.012,d087:0.0115,d046:0.0113,d234:0.0111,d116:0.0109,d305:0.0109,d039:0.0107,d033:0.0107,d052:0.01,d251:0.0099,d199:0.0097,d294:0.0092
q07	d146:0.1215,d004:0.1128,d034:0.0906,d289:0.0727,d262:0.0512,d123:0.0501,d155:0.0479,d098:0.0479,d211:0.0469,d042:0.0465,d153:0.0462,d149:0.0425,d247:0.0415,d151:0.0413,d062:0.0405,d287:0.0399,d078:0.0387,d044:0.0386,d113:0.0381,d266:0.038,d117:0.0375,d234:0.0369,d282:0.0367,d165:0.036,d284:0.035,d253:0.0308,d033:0.0304,d140:0.0302,d240:0.0284,d139:0.0273,d057:0.0271,d011:0.0263,d255:0.0245,d083:0.0243,d074:0.0238,d252:0.023,d301:0.0213,d115:0.0213,d137:0.0209,d271:0.0208,d087:0.0206,d293:0.0201,d143:0.0199,d305:0.0194,d088:0.0193,d071:0.0189,d150:0.0189,d031:0.0187,d200:0.0184,d163:0.0178,d157:0.0173,d158:0.0172,d060:0.0171,d129:0.0164,d084:0.0158,d323:0.0142,d263:0.013,d179:0.0128
q08	d110:0.1583,d251:0.1453,d117:0.1384,d108:0.1151,d005:0.1109,d292:0.0917,d180:0.0879,d106:0.0822,d028:0.0804,d107:0.0795,d271:0.0723,d246:0.0721,d205:0.0668,d235:0.0614,d115:0.0582,d144:0.0557,d269:0.0514,d211:0.05,d304:0.0493,d121:0.0462,d208:0.0434,d030:0.0434,d125:0.0402,d075:0.0374,d070:0.037,d091:0.033,d312:0.0307,d294:0.0292,d130:0.0284,d083:0.0274,d104:0.0258,d019:0.0222,d189:0.0205,d198:0.0134,d043:0.0123,d224:0.0116,d192:0.0102,d151:0.0099,d138:0.0098,d142:0.0098,d327:0.0094,d062:0.0093,d059:0.0092,d044:0.0091,d282:0.0089,d221:0.0085,d215:0.0085,d232:0.0085,d226:0.0082,d045:0.0081,d081:0.008,d290:0.0079,d037:0.0079,d127:0.0077,d063:0.0077,d082:0.0076,d270:0.0076,d122:0.0075,d266:0.0075,d155:0.0075,d196:0.0073,d207:0.007,d202:0.007,d008:0.007,d099:0.0068,d113:0.0067,d216:0.0066,d223:0.0065,d093:0.0065,d210:0.0065,d278:0.0064,d126:0.0064,d040:0.0063,d201:0.0063,d148:0.0063,d022:0.0063,d213:0.0061,d197:0.0061,d080:0.0061,d288:0.006,d123:0.006,d089:0.0059,d024:0.0058,d264:0.0058,d250:0.0058,d133:0.0057,d236:0.0056,d009:0.0055,d046:0.0055,d274:0.0054,d050:0.0054,d095:0.0053,d240:0.0053,d118:0.0052,d219:0.0052,d170:0.005,d301:0.0049,d013:0.0048,d001:0.0048,d237:0.0047,d209:0.0047,d135:0.0047,d131:0.0047,d035:0.0047,d281:0.0046,d255:0.0046,d096:0.0045,d320:0.0043,d193:0.0043,d296:0.0043,d079:0.0043,d076:0.0042,d129:0.0042,d073:0.0042,d325:0.0042,d200:0.0042,d308:0.0041,d195:0.0039,d287:0.0039,d286:0.0039,d015:0.0038,d078:0.0038,d087:0.0037,d085:0.0036,d038:0.0035,d039:0.0035,d042:0.0035,d305:0.0035,d241:0.0034,d263:0.0034,d182:0.0034,d164:0.0033,d203:0.0031,d316:0.0031,d190:0.0029,d225:0.0009,d074:0.0007,d064:0.0007,d103:0.0007,d034:0.0007,d124:0.0007,d206:0.0007,d174:0.0006,d006:0.0006,d248:0.0006,d314:0.0006,d051:0.0006,d253:0.0006,d260:0.0006,d261:0.0006,d101:0.0006,d306:0.0006,d149:0.0006,d026:0.0006,d307:0.0005,d228:0.0005,d212:0.0005,d265:0.0005,d217:0.0005,d322:0.0005,d303:0.0005,d244:0.0005,d291:0.0005,d284:0.0005,d319:0.0005,d330:0.0005,d329:0.0005,d088:0.0005,d160:0.0005,d120:0.0005,d077:0.0005,d147:0.0005,d069:0.0005,d102:0.0005,d168:0.0005,d153:0.0005,d097:0.0005,d054:0.0005,d053:0.0005,d109:0.0005,d111:0.0005,d017:0.0005,d119:0.0005,d262:0.0004,d254:0.0004,d194:0.0004,d114:0.0004,d116:0.0004,d257:0.0004,d191:0.0004,d086:0.0004,d268:0.0004,d275:0.0004,d280:0.0004,d283:0.0004,d060:0.0004,d055:0.0004,d048:0.0004,d047:0.0004,d309:0.0004,d317:0.0004,d318:0.0004,d007:0.0004,d267:0.0004,d136:0.0004,d098:0.0004,d233:0.0004,d161:0.0004,d165:0.0004,d184:0.0004,d140:0.0004,d218:0.0004,d222:0.0004,d220:0.0004,d158:0.0004,d143:0.0004,d179:0.0004,d066:0.0003,d067:0.0003,d137:0.0003,d068:0.0003,d071:0.0003,d065:0.0003,d289:0.0003,d052:0.0003,d298:0.0003,d163:0.0003,d302:0.0003,d049:0.0003,d033:0.0003,d311:0.0003,d313:0.0003,d021:0.0003,d020:0.0003,d199:0.0003,d323:0.0003,d328:0.0003,d175:0.0003,d279:0.0003,d285:0.0003,d276:0.0003,d242:0.0003,d231:0.0003,d230:0.0003,d145:0.0003,d227:0.0003,d100:0.0003,d152:0.0003,d229:0.0003,d094:0.0003,d252:0.0002,d023:0.0002,d112:0.0002,d234:0.0002,d247:0.0002,d181:0.0002,d273:0.0002,d183:0.0002,d321:0.0002,d243:0.0002,d162:0.0002,d003:0.0002,d002:0.0002,d132:0.0002,d012:0.0002,d029:0.0002,d032:0.0002,d084:0.0002,d239:0.0002,d061:0.0002,d166:0.0002,d171:0.0002,d293:0.0002,d172:0.0002,d295:0.0002,d214:0.0002,d169:0.0002,d272:0.0002,d300:0.0002,d105:0.0002,d258:0.0002,d072:0.0002,d176:0.0002,d297:0.0002,d139:0.0001,d177:0.0001,d157:0.0001
q09	d198:0.1809,d199:0.1461,d177:0.1077,d223:0.1053,d217:0.1042,d220:0.0744,d205:0.0653,d069:0.0309,d299:0.0294,d211:0.0258,d330:0.0257,d085:0.0256,d186:0.024,d065:0.0238,d068:0.0234,d175:0.0228,d086:0.0226,d273:0.0226,d169:0.0222,d052:0.0222,d016:0.021,d233:0.0202,d073:0.0185,d219:0.0184,d116:0.0178,d172:0.0174,d089:0.0172,d312:0.017,d021:0.0169,d041:0.0169,d071:0.0163,d202:0.0159,d323:0.0155,d284:0.0151,d162:0.0151,d256:0.015,d231:0.0144,d038:0.0132,d286:0.013,d087:0.0128,d221:0.0121,d259:0.012,d192:0.0119,d081:0.0114,d240:0.0112,d179:0.0111,d111:0.0108,d072:0.0106,d097:0.0106,d170:0.0105,d122:0.0104,d008:0.0102,d029:0.0102,d166:0.0102,d294:0.0102,d308:0.0094,d272:0.0093,d078:0.0092,d214:0.0092,d268:0.0091,d193:0.0089,d098:0.0087,d254:0.0087,d100:0.0087,d115:0.0084,d257:0.0083,d244:0.0081,d055:0.008,d010:0.008,d194:0.0078,d234:0.0078,d328:0.0077,d251:0.007,d158:0.0068
q10	d231:0.0783,d060:0.0726,d100:0.0679,d036:0.0277,d052:0.0185,d034:0.0181,d072:0.0173,d031:0.0166,d215:0.0159,d091:0.0157,d314:0.0152,d281:0.0149,d233:0.0149,d079:0.0149,d068:0.0144,d285:0.0143,d170:0.0136,d221:0.0135,d092:0.0132,d030:0.0131,d099:0.0127,d069:0.0123,d142:0.0123,d305:0.0122,d295:0.0117,d124:0.0116,d235:0.0115,d085:0.0114,d040:0.0111,d042:0.0109,d035:0.0108,d288:0.0107,d294:0.0105,d122:0.0104,d212:0.0102,d258:0.0102,d282:0.0101,d201:0.01,d076:0.01,d220:0.0099,d114:0.0098,d279:0.0096,d113:0.0095,d246:0.0091,d093:0.0089,d064:0.0089,d327:0.0087,d217:0.0087,d330:0.0086,d044:0.0086,d059:0.0085,d117:0.0083,d109:0.0083,d202:0.0082,d024:0.0082,d244:0.0081,d048:0.008,d020:0.0078,d194:0.0078,d308:0.0077,d118:0.0075,d260:0.0071,d263:0.0071,d254:0.0071,d026:0.007,d041:0.0069,d012:0.0069,d165:0.0069,d125:0.0067,d010:0.0065,d256:0.0061,d179:0.0057,d177:0.0055,d198:0.0052,d077:0.0043,d151:0.0042,d313:0.0041,d058:0.0036,d154:0.0036,d167:0.0036,d192:0.0035,d268:0.0034,d329:0.0034,d323:0.0034,d159:0.0033,d001:0.0033,d322:0.0032,d054:0.0032,d057:0.0032,d283:0.0032,d021:0.0032,d065:0.0031,d071:0.0031,d137:0.0031,d152:0.003,d029:0.003,d216:0.0028,d214:0.0028,d223:0.0028,d205:0.0027,d271:0.0027,d172:0.0026,d230:0.0026,d325:0.0026,d018:0.0025,d289:0.0025,d130:0.0025,d132:0.0025,d009:0.0025,d022:0.0024,d168:0.0024,d015:0.0024,d310:0.0023,d303:0.0023,d328:0.0023,d066:0.0023,d264:0.0023,d174:0.0023,d259:0.0023,d095:0.0022,d232:0.0022,d045:0.0022,d110:0.0022,d219:0.0022,d301:0.0022,d203:0.0022,d280:0.0022,d237:0.0021,d240:0.0021,d248:0.0021,d081:0.0021,d086:0.0021,d211:0.0021,d316:0.0021,d273:0.0021,d299:0.0021,d204:0.002,d097:0.002,d319:0.002,d291:0.002,d135:0.002,d063:0.002,d141:0.002,d312:0.002,d331:0.0019,d307:0.0019,d190:0.0019,d131:0.0019,d014:0.0019,d247:0.0019,d209:0.0019,d146:0.0018,d171:0.0018,d173:0.0018,d023:0.0018,d126:0.0018,d101:0.0018,d320:0.0018,d218:0.0018,d074:0.0018,d061:0.0018,d056:0.0018,d255:0.0018,d250:0.0017,d107:0.0017,d193:0.0017,d144:0.0017,d073:0.0017,d129:0.0017,d017:0.0017,d148:0.0016,d262:0.0016,d025:0.0016,d027:0.0016,d115:0.0016,d080:0.0016,d257:0.0016,d016:0.0015,d138:0.0015,d046:0.0015,d055:0.0015,d249:0.0015,d234:0.0015,d229:0.0015,d185:0.0015,d133:0.0015,d136:0.0015,d039:0.0014,d175:0.0014,d003:0.0014,d241:0.0014,d251:0.0013,d199:0.0013,d324:0.0013,d293:0.0013
q12	d277:0.2552,d258:0.2089,d250:0.122,d239:0.0959,d301:0.0625,d056:0.0618,d132:0.0537,d096:0.0517,d081:0.0479,d012:0.0453,d078:0.0433,d015:0.0424,d176:0.0421,d138:0.0418,d229:0.0354,d156:0.0313,d034:0.0312,d191:0.0288,d182:0.0284,d184:0.026,d280:0.0247,d225:0.0245,d295:0.0244,d270:0.0236,d011:0.0229,d331:0.0225,d190:0.0212,d297:0.0204,d302:0.0199,d151:0.0198,d060:0.0195,d076:0.0188,d169:0.018,d236:0.0177,d021:0.0177,d183:0.0177,d143:0.0165,d235:0.0163,d095:0.0162,d124:0.0161,d155:0.0158,d150:0.0157,d082:0.0154,d243:0.015,d035:0.0149,d051:0.0149,d317:0.0145,d247:0.0144,d122:0.0144,d102:0.0137,d180:0.0125,d129:0.0124,d197:0.0122,d067:0.0113,d010:0.0111,d303:0.0107,d109:0.0104,d003:0.0102,d048:0.01,d052:0.0098,d316:0.0097,d141:0.0091
q13	d277:0.0936,d049:0.0897,d239:0.0848,d056:0.0837,d276:0.0645,d258:0.0585,d222:0.052,d272:0.0474,d205:0.0453,d271:0.0411,d055:0.041,d194:0.0385,d317:0.0364,d309:0.0359,d303:0.0358,d070:0.0341,d042:0.0333,d241:0.0318,d099:0.0314,d043:0.0314,d286:0.0312,d221:0.03,d040:0.0294,d285:0.0285,d026:0.0274,d281:0.0268,d288:0.0266,d126:0.0256,d047:0.0252,d060:0.0239,d297:0.0224,d262:0.0224,d165:0.0217,d292:0.0208,d015:0.0203,d289:0.0196,d245:0.0186,d269:0.0185,d310:0.0185,d136:0.0182,d019:0.0178,d100:0.0176,d087:0.0176,d183:0.0174,d161:0.0171,d311:0.0167,d249:0.0163,d290:0.0158,d190:0.0158,d170:0.0156,d305:0.0155,d237:0.0154,d200:0.0154,d248:0.0153,d142:0.0152,d157:0.0148,d050:0.0147,d130:0.0142,d129:0.0138,d037:0.0137,d138:0.0135,d162:0.0134,d061:0.0133,d243:0.0132,d174:0.013,d274:0.013,d002:0.0126,d119:0.0126,d013:0.0125,d124:0.0125,d189:0.0124,d329:0.0122,d022:0.0121,d164:0.0121,d018:0.0119,d159:0.0118,d075:0.0118,d028:0.0116,d051:0.0116,d312:0.0116,d135:0.0116,d313:0.0115,d235:0.0115,d150:0.0115,d139:0.0114,d088:0.0114,d059:0.0113,d122:0.0112,d079:0.0112,d259:0.0112,d263:0.0109,d046:0.0109,d179:0.0108,d191:0.0106,d240:0.0105,d171:0.0105,d246:0.0104,d270:0.01,d244:0.0099,d253:0.0099,d072:0.0099,d304:0.0097,d212:0.0095,d094:0.0094,d148:0.0094,d123:0.0093,d141:0.0091,d257:0.0091,d113:0.0089,d182:0.0088,d096:0.0088,d074:0.0088,d156:0.0088,d147:0.0085,d323:0.0084,d193:0.0083,d098:0.0082,d033:0.0082,d250:0.0082,d280:0.008,d012:0.0079,d324:0.0077,d016:0.0076,d256:0.007,d118:0.007,d007:0.0065,d318:0.0065,d103:0.0056,d058:0.0055,d215:0.0055,d173:0.0054,d228:0.0054,d017:0.0053,d180:0.0052,d225:0.0051,d211:0.0051,d107:0.0051,d319:0.005,d064:0.005,d063:0.005,d327:0.0049,d204:0.0049,d153:0.0048,d117:0.0047,d186:0.0047,d128:0.0047,d029:0.0047,d143:0.0046,d077:0.0045,d255:0.0044,d298:0.0044,d218:0.0044,d287:0.0043,d172:0.004,d230:0.004,d224:0.0039,d158:0.0039,d236:0.0037,d185:0.0036,d145:0.0036,d234:0.0036,d227:0.0035,d232:0.0034,d105:0.0034,d198:0.0034,d045:0.0034,d219:0.0034,d106:0.0033,d306:0.0033,d273:0.0033,d316:0.0032,d001:0.0032,d052:0.0032,d238:0.0031,d291:0.0031,d322:0.0031,d307:0.003,d166:0.003,d300:0.003,d014:0.003,d202:0.0029,d233:0.0029,d226:0.0028,d149:0.0028,d101:0.0028,d083:0.0028,d160:0.0028,d163:0.0028,d284:0.0028,d023:0.0028,d102:0.0028,d020:0.0028,d279:0.0028,d314:0.0027,d278:0.0027,d216:0.0027,d214:0.0027,d004:0.0026,d144:0.0026,d266:0.0026,d210:0.0026,d302:0.0026,d330:0.0025,d121:0.0025,d197:0.0025,d196:0.0025,d229:0.0024,d021:0.0024,d080:0.0024,d024:0.0024,d188:0.0023,d067:0.0023,d152:0.0023,d184:0.0023,d085:0.0022,d203:0.0022,d328:0.0022,d003:0.0021,d134:0.0021,d293:0.002,d294:0.0019
q14	d145:0.1225,d122:0.1046,d091:0.1031,d002:0.0999,d117:0.099,d081:0.0958,d180:0.0936,d121:0.0808,d093:0.0773,d030:0.0767,d041:0.0679,d133:0.0669,d242:0.0664,d082:0.0661,d247:0.0657,d022:0.0649,d125:0.0623,d277:0.0618,d144:0.0614,d136:0.0596,d209:0.0595,d005:0.0588,d280:0.0559,d075:0.0546,d094:0.0518,d062:0.0479,d314:0.0466,d130:0.0413,d104:0.04,d031:0.0379,d142:0.0369,d025:0.0308,d052:0.0307,d229:0.0306,d192:0.03,d115:0.0294,d089:0.029,d181:0.0284,d308:0.028,d097:0.0268,d069:0.0265,d299:0.0252,d174:0.0252,d238:0.0225,d254:0.0221,d211:0.0221,d330:0.0221,d085:0.022,d288:0.0219,d186:0.0206,d065:0.0204,d068:0.0201,d175:0.0196,d273:0.0193,d086:0.0193,d110:0.0193,d169:0.019,d016:0.018,d233:0.0173,d143:0.0166,d023:0.0163,d073:0.0158,d219:0.0158,d116:0.0153,d147:0.0152,d172:0.015,d312:0.0146,d293:0.0146,d021:0.0145,d071:0.014,d202:0.0136,d323:0.0133,d284:0.013,d162:0.0129,d256:0.0128,d223:0.0126,d231:0.0123,d038:0.0113,d286:0.0112,d087:0.011,d221:0.0104,d259:0.0103,d198:0.0101,d240:0.0096,d179:0.0095,d111:0.0093,d072:0.0091,d170:0.009,d008:0.0088,d166:0.0088,d294:0.0088,d029:0.0087,d272:0.008,d214:0.0079,d078:0.0079,d268:0.0078,d205:0.0078,d193:0.0076,d100:0.0075,d098:0.0075,d257:0.0072,d010:0.0069,d055:0.0069,d244:0.0069,d194:0.0067,d234:0.0067,d328:0.0066,d251:0.006,d158:0.0058
q16	d184:0.1284,d132:0.1228,d250:0.1073,d277:0.0985,d176:0.0977,d239:0.0699,d081:0.0697,d229:0.0648,d095:0.0562,d279:0.0464,d150:0.0456,d056:0.0456,d156:0.0455,d034:0.0453,d096:0.0452,d078:0.0443,d191:0.0419,d024:0.0397,d236:0.0387,d280:0.0359,d295:0.0354,d306:0.0351,d329:0.0344,d086:0.0344,d158:0.0328,d097:0.0325,d071:0.0314,d190:0.0308,d077:0.0299,d297:0.0296,d083:0.0292,d060:0.0284,d147:0.0279,d231:0.0277,d076:0.0273,d254:0.0267,d169:0.0262,d021:0.0258,d165:0.0258,d133:0.0248,d182:0.0248,d152:0.0244,d143:0.024,d138:0.0239,d235:0.0237,d293:0.0211,d049:0.021
q17	d121:0.1884,d271:0.1716,d091:0.0804,d172:0.0599,d146:0.057,d024:0.0545,d171:0.0421,d183:0.0349,d274:0.0342,d190:0.0267,d316:0.0257,d289:0.0248,d066:0.0227,d239:0.0215,d299:0.0213,d106:0.0212,d003:0.021,d030:0.0191,d212:0.0183,d233:0.0182,d163:0.0182,d297:0.0175,d250:0.0165,d262:0.0158,d084:0.0156,d191:0.0156,d130:0.0155,d132:0.0151,d137:0.0149,d188:0.0145,d258:0.0143
q18	d192:0.3723,d194:0.248,d210:0.2142,d230:0.1478,d201:0.1405,d222:0.1274,d207:0.1249,d111:0.1116,d209:0.1086,d223:0.1058,d203:0.1011,d216:0.0963,d219:0.0936,d197:0.0803,d322:0.0763,d208:0.0746,d198:0.0638,d055:0.0615,d276:0.0611,d211:0.0587,d301:0.0545,d213:0.0543,d195:0.0539,d220:0.0535,d061:0.0528,d221:0.0504,d193:0.0502,d215:0.049,d212:0.0477,d191:0.0473,d200:0.0461,d202:0.0453,d199:0.0446,d206:0.0421,d163:0.0415,d224:0.0403,d303:0.0396,d142:0.0391,d218:0.0385,d266:0.0381,d236:0.0378,d304:0.0372,d214:0.0337,d122:0.0309,d227:0.0301,d225:0.0296,d251:0.0293,d053:0.0278,d109:0.0257,d205:0.0251,d204:0.0246,d296:0.0245,d279:0.0238,d028:0.0227,d129:0.0221,d196:0.0215,d078:0.0211,d217:0.018,d260:0.0172,d182:0.016,d174:0.0148,d058:0.0148,d110:0.0144,d124:0.0143,d246:0.0138,d248:0.0136,d319:0.0135,d315:0.0135,d253:0.0132,d071:0.0127,d020:0.0119,d240:0.0119,d160:0.0119,d177:0.0114,d268:0.0113,d072:0.0113,d302:0.0112,d002:0.011,d172:0.0108,d098:0.0108,d275:0.0108,d123:0.0107,d330:0.0106,d089:0.0106,d282:0.0106,d027:0.0103,d137:0.0102,d249:0.0101,d242:0.01,d164:0.0097,d235:0.0096,d280:0.0092,d241:0.0091,d271:0.0089,d048:0.0089,d052:0.0087,d286:0.0087,d116:0.0081,d316:0.0074
q19	d179:0.1959,d323:0.0518,d004:0.0469,d102:0.0426,d021:0.0378,d200:0.0355,d273:0.0307,d194:0.0275,d310:0.0263,d069:0.0258,d001:0.0257,d051:0.0239,d204:0.0239,d153:0.0236,d321:0.0235,d028:0.0224,d320:0.0224,d330:0.0218,d277:0.0217,d136:0.0215,d056:0.0198,d078:0.0193,d088:0.0191,d222:0.0187,d015:0.0185,d258:0.0177,d185:0.0177,d293:0.0155,d035:0.0154,d158:0.0152,d055:0.0145,d138:0.0142,d266:0.0128,d230:0.0126,d098:0.0125,d189:0.0121,d289:0.012,d009:0.0118,d274:0.0109,d095:0.0105,d241:0.0105,d299:0.0103,d106:0.0102,d111:0.0098,d291:0.0096,d091:0.0096,d300:0.0095,d309:0.0093,d212:0.0092,d272:0.0085,d147:0.0083,d231:0.0082,d180:0.0082,d129:0.0081,d193:0.008,d254:0.0079,d197:0.0079,d191:0.0078,d257:0.0076,d092:0.0073,d175:0.0069,d109:0.0068,d294:0.0058,d190:0.0058
q22	d258:0.1253,d277:0.0977,d011:0.0877,d239:0.073,d266:0.0714,d056:0.0688,d049:0.0668,d297:0.0565,d159:0.0534,d149:0.0488,d331:0.0483,d327:0.0441,d010:0.0387,d184:0.0385,d138:0.0326,d145:0.0321,d319:0.0316,d286:0.0313,d135:0.0312,d100:0.0304,d004:0.0285,d020:0.0279,d240:0.0262,d330:0.0253,d072:0.0248,d164:0.0248,d121:0.0205,d225:0.0203,d157:0.0199,d270:0.0196,d096:0.0195,d064:0.0189,d250:0.0183,d132:0.0175,d127:0.0172,d299:0.0168,d086:0.0167,d007:0.0167,d302:0.0166,d146:0.0166,d151:0.0164,d069:0.0163,d152:0.0158,d147:0.0158,d153:0.0156,d140:0.0153,d035:0.0151,d229:0.0151,d190:0.0149,d233:0.0149,d236:0.0147,d183:0.0147,d092:0.0139,d102:0.0138,d182:0.0135,d124:0.0134,d095:0.0134,d116:0.0132,d155:0.0131,d098:0.0129,d082:0.0128,d243:0.0125,d051:0.0124,d197:0.0123,d317:0.0121,d122:0.012,d247:0.012,d055:0.0118,d328:0.0114,d305:0.0113,d280:0.011,d303:0.0108,d078:0.0106,d109:0.0105,d180:0.0104,d129:0.0103,d176:0.0103,d048:0.0101,d067:0.0094,d003:0.0085,d052:0.0081,d316:0.0081,d141:0.0076,d320:0.0056,d252:0.0046,d321:0.0042,d137:0.0041,d200:0.004,d188:0.004,d101:0.0039,d298:0.0038,d242:0.0037,d223:0.0037,d074:0.0037,d107:0.0035,d213:0.0035,d260:0.0035,d172:0.0035,d325:0.0035,d042:0.0034,d025:0.0033,d022:0.0033,d133:0.0032,d249:0.0032,d136:0.0031,d206:0.003,d228:0.003,d221:0.003,d150:0.003,d306:0.0029,d241:0.0029,d081:0.0029,d134:0.0029,d329:0.0028,d246:0.0028,d248:0.0028,d179:0.0028,d267:0.0028,d291:0.0027,d054:0.0027,d238:0.0027,d217:0.0027,d322:0.0027,d177:0.0027,d181:0.0027,d207:0.0027,d071:0.0026,d300:0.0026,d065:0.0026,d178:0.0026,d023:0.0025,d077:0.0025,d212:0.0025,d209:0.0025,d287:0.0024,d113:0.0024,d218:0.0024,d156:0.0024,d281:0.0024,d216:0.0024,d171:0.0024,d163:0.0024,d160:0.0024,d062:0.0024,d268:0.0023,d019:0.0023,d032:0.0023,d214:0.0023,d231:0.0023,d210:0.0023,d073:0.0023,d272:0.0023,d144:0.0022,d169:0.0022,d076:0.0022,d084:0.0022,d193:0.0022,d275:0.0022,d094:0.0022,d089:0.0022,d093:0.0022,d125:0.0021,d115:0.0021,d024:0.0021,d222:0.0021,d257:0.0021,d046:0.002,d143:0.002,d015:0.002,d167:0.002,d185:0.002,d304:0.002,d234:0.002,d105:0.0019,d227:0.0019,d323:0.0019,d162:0.0019,d085:0.0019,d283:0.0019,d199:0.0017,d251:0.0017,d293:0.0017,d139:0.0016,d294:0.0016
q23	d219:0.4054,d276:0.1507,d026:0.0399,d323:0.0361,d067:0.0181,d199:0.0179,d084:0.0179,d179:0.0163,d013:0.0151,d017:0.0149,d315:0.0142,d253:0.0139,d207:0.0139,d104:0.0139,d314:0.0137,d004:0.0133,d296:0.0129,d005:0.0129,d021:0.0124,d078:0.012,d227:0.012,d108:0.0118,d188:0.0118,d105:0.0117,d150:0.0117,d195:0.011,d137:0.0108,d003:0.0108,d168:0.0105,d141:0.0103,d118:0.0098,d109:0.0098,d271:0.0093,d324:0.0093,d049:0.009,d157:0.0089,d007:0.0037,d318:0.0037,d245:0.0034,d103:0.0032,d215:0.0031,d228:0.0031,d058:0.0031,d173:0.0031,d221:0.0031,d290:0.0029,d180:0.0029,d107:0.0029,d211:0.0029,d225:0.0029,d248:0.0028,d204:0.0028,d064:0.0028,d327:0.0028,d319:0.0028,d063:0.0028,d153:0.0027,d186:0.0027,d143:0.0026,d117:0.0026,d128:0.0026,d200:0.0026,d029:0.0026,d298:0.0025,d077:0.0025,d255:0.0025,d218:0.0025,d287:0.0024,d019:0.0024,d172:0.0023,d230:0.0023,d119:0.0023,d129:0.0023,d222:0.0022,d224:0.0022,d040:0.0022,d018:0.0022,d158:0.0022,d236:0.0021,d055:0.0021,d047:0.0021,d043:0.0021,d185:0.002,d050:0.002,d164:0.002,d234:0.002,d145:0.002,d045:0.0019,d232:0.0019,d198:0.0019,d070:0.0019,d306:0.0019,d237:0.0018,d322:0.0018,d243:0.0018,d273:0.0018,d263:0.0018,d316:0.0018,d001:0.0018,d106:0.0018,d142:0.0018,d052:0.0018,d037:0.0018,d238:0.0017,d300:0.0017,d307:0.0017,d309:0.0017,d166:0.0017,d317:0.0017,d291:0.0017,d014:0.0017,d002:0.0017,d023:0.0016,d297:0.0016,d285:0.0016,d284:0.0016,d279:0.0016,d277:0.0016,d102:0.0016,d202:0.0016,d190:0.0016,d061:0.0016,d233:0.0016,d226:0.0016,d020:0.0016,d163:0.0016,d161:0.0016,d083:0.0016,d101:0.0016,d149:0.0016,d160:0.0016,d079:0.0015,d266:0.0015,d210:0.0015,d302:0.0015,d205:0.0015,d313:0.0015,d278:0.0015,d281:0.0015,d214:0.0015,d216:0.0015,d144:0.0015,d042:0.0014,d080:0.0014,d330:0.0014,d196:0.0014,d197:0.0014,d121:0.0014,d191:0.0014,d085:0.0013,d136:0.0013,d304:0.0013,d249:0.0013,d024:0.0013,d244:0.0013,d152:0.0013,d194:0.0013,d046:0.0013,d229:0.0013,d184:0.0013,d328:0.0013,d286:0.0013,d162:0.0012,d203:0.0012,d134:0.0012,d139:0.0011,d293:0.0011,d294:0.0011
q24	d213:0.1109,d219:0.1029,d198:0.1002,d202:0.0925,d211:0.0918,d276:0.0899,d129:0.0834,d223:0.0825,d224:0.0823,d243:0.0821,d210:0.0812,d208:0.0793,d220:0.0787,d201:0.0779,d192:0.0773,d151:0.0771,d282:0.0761,d209:0.0757,d221:0.0744,d199:0.0737,d207:0.073,d216:0.068,d222:0.0651,d099:0.0618,d215:0.0618,d303:0.0614,d061:0.0609,d195:0.0606,d225:0.0604,d194:0.0604,d074:0.0592,d060:0.0586,d193:0.0577,d088:0.0572,d212:0.0568,d098:0.0549,d240:0.0546,d218:0.0541,d042:0.0533,d080:0.0522,d274:0.0515,d205:0.0512,d034:0.0508,d197:0.0491,d203:0.0486,d112:0.0484,d028:0.0463,d135:0.0462,d253:0.0456,d196:0.044,d031:0.0438,d200:0.0434,d255:0.0415,d083:0.0412,d281:0.0403,d096:0.0402,d123:0.0371,d040:0.0369,d217:0.0367,d262:0.0363,d289:0.0358,d214:0.0318,d237:0.0304,d181:0.0292,d044:0.0285,d265:0.0261,d206:0.0258,d311:0.0242,d142:0.024,d177:0.0233,d204:0.0232,d072:0.023,d165:0.0229,d002:0.0224,d229:0.0223,d067:0.022,d234:0.0211,d242:0.0204,d039:0.0204,d078:0.0199,d266:0.0194,d263:0.0192,d286:0.0178,d294:0.0175,d116:0.0166,d316:0.0152
q25	d166:0.2098,d020:0.1641,d328:0.1396,d128:0.1358,d023:0.1298,d265:0.1275,d156:0.1248,d167:0.093,d245:0.076,d211:0.0634,d247:0.059,d032:0.0524
q26	d152:0.2186,d143:0.0899,d291:0.0868,d228:0.0766,d318:0.0667,d066:0.0635,d190:0.0623,d116:0.0619,d293:0.0589,d322:0.0574,d147:0.0551,d316:0.0547,d052:0.0508,d171:0.0486,d095:0.0477,d273:0.0461,d136:0.0406,d208:0.0393,d206:0.0392,d002:0.0386,d131:0.0386,d241:0.0349,d231:0.0335,d105:0.0332,d183:0.0328,d109:0.0325,d235:0.0322,d092:0.0318,d174:0.0307,d007:0.029,d300:0.0285,d149:0.0269,d279:0.0265,d292:0.0264,d094:0.0263,d161:0.0247,d098:0.0241,d017:0.0234,d197:0.0225,d306:0.0214,d164:0.0202,d138:0.0197,d323:0.0195,d283:0.019,d219:0.0184,d173:0.0174,d312:0.0171,d210:0.017,d179:0.0164,d212:0.0161,d224:0.0159,d012:0.0157,d287:0.015,d079:0.0145,d275:0.0138,d290:0.0133,d027:0.0132,d133:0.0129,d168:0.0128,d217:0.0125,d015:0.0125,d140:0.0122,d178:0.0122,d175:0.0121,d117:0.012,d033:0.012,d014:0.012,d036:0.012,d029:0.0119,d331:0.0119,d003:0.0117,d005:0.0116,d102:0.0115,d277:0.0114,d265:0.0113,d284:0.0112,d062:0.0112,d113:0.0111,d215:0.0111,d199:0.0109,d129:0.0105,d107:0.0104,d141:0.0104,d182:0.0095,d305:0.009,d263:0.0083
q27	d103:0.0879,d166:0.0783,d054:0.0681,d051:0.0675,d132:0.0528,d227:0.0453,d187:0.042,d067:0.0412,d066:0.0409,d058:0.0405,d211:0.0403,d159:0.0401,d136:0.0401,d293:0.0393,d083:0.0382,d074:0.0377,d116:0.0362,d291:0.0359,d158:0.032,d152:0.0319,d251:0.0319,d174:0.0285,d316:0.0275,d231:0.0271,d161:0.0268,d139:0.0257,d056:0.0253,d033:0.0249,d243:0.0247,d238:0.0245,d029:0.0242,d292:0.0235,d094:0.0233,d030:0.0233,d005:0.0225,d023:0.0224,d143:0.0219,d079:0.0218,d215:0.0217,d164:0.0211,d210:0.021,d145:0.021,d108:0.0207,d042:0.0202,d017:0.0199,d027:0.0198,d222:0.0192,d130:0.0189,d015:0.0188,d167:0.0186,d075:0.0185,d304:0.0182,d002:0.0175,d107:0.0172,d150:0.0171,d296:0.0168,d199:0.0157,d064:0.0151,d141:0.015,d109:0.0144,d014:0.0141,d080:0.0141,d209:0.0139,d085:0.0138,d274:0.0131,d162:0.0128,d119:0.0124,d290:0.0123,d271:0.0121,d170:0.0115,d102:0.0107,d101:0.0106,d255:0.0105,d281:0.0102,d269:0.01,d276:0.0095,d325:0.0095,d259:0.0083,d198:0.0081,d306:0.0079,d299:0.0078,d237:0.0077,d322:0.0074,d088:0.0073,d300:0.0072,d282:0.0069,d077:0.0067,d279:0.0066,d020:0.0066,d173:0.0065,d156:0.0065,d311:0.0062,d129:0.0062,d197:0.006,d318:0.006,d330:0.0059,d018:0.0059,d026:0.0059,d195:0.0058,d012:0.0058,d016:0.0056,d055:0.0055,d184:0.0054,d194:0.0053,d283:0.0051,d179:0.0048
q28	d136:0.1006,d316:0.0763,d174:0.0727,d291:0.0726,d066:0.0606,d056:0.058,d159:0.0463,d094:0.0462,d279:0.0456,d161:0.0456,d015:0.044,d164:0.0418,d080:0.0408,d147:0.0407,d079:0.0404,d145:0.0392,d322:0.0385,d152:0.038,d029:0.0373,d035:0.0368,d264:0.0361,d027:0.0358,d143:0.0348,d075:0.0345,d102:0.034,d237:0.0327,d002:0.0326,d292:0.0324,d295:0.0317,d296:0.0313,d083:0.0303,d321:0.0299,d212:0.0298,d042:0.0294,d327:0.0291,d067:0.0282,d309:0.0281,d173:0.0279,d162:0.0277,d070:0.0274,d289:0.0265,d271:0.0262,d193:0.0259,d033:0.0239,d037:0.0239,d132:0.0238,d165:0.0231,d273:0.0225,d139:0.0225,d085:0.0225,d263:0.0223,d186:0.0222,d226:0.0221,d191:0.0217,d160:0.0206,d086:0.0206,d107:0.0204,d275:0.0201,d252:0.0195,d168:0.0194,d259:0.0189,d254:0.0188,d194:0.0187,d328:0.0186,d183:0.0186,d267:0.018,d099:0.0179,d241:0.0177,d246:0.0176,d211:0.0176,d153:0.0175,d141:0.0173,d243:0.017,d072:0.0167,d260:0.0166,d098:0.0166,d329:0.0166,d233:0.016,d276:0.0159,d312:0.0158,d129:0.0158,d057:0.0157,d270:0.0157,d310:0.0157,d084:0.0153,d008:0.0151,d294:0.015,d031:0.015,d109:0.015,d055:0.0146,d306:0.0145,d047:0.0145,d299:0.0143,d240:0.0141,d283:0.014,d248:0.0138,d058:0.0138,d054:0.0136,d198:0.0136,d269:0.0135,d231:0.0134,d012:0.0133,d013:0.0133,d046:0.0132,d106:0.013,d303:0.0127,d026:0.0126,d064:0.0126,d185:0.0125,d115:0.0124,d077:0.0123,d297:0.0122,d170:0.0121,d298:0.012,d048:0.0119,d331:0.0117,d060:0.0117,d180:0.0114,d131:0.0114,d190:0.0113,d144:0.0113,d216:0.0108,d120:0.0108,d278:0.0107,d019:0.0105,d125:0.0104,d304:0.01,d123:0.0099,d089:0.0099,d169:0.0099,d195:0.0097,d230:0.0089,d305:0.0088,d049:0.0087,d052:0.0081,d293:0.008,d018:0.0077,d110:0.0074,d111:0.0069,d088:0.0068,d022:0.0066,d114:0.0061,d221:0.0061,d206:0.006,d010:0.006,d045:0.0059,d219:0.0059,d239:0.0058,d063:0.0055,d071:0.0052,d307:0.0052,d235:0.005,d103:0.0049,d150:0.0048,d314:0.0047,d250:0.0045,d330:0.0044,d318:0.0044,d148:0.0044,d189:0.0043,d009:0.0042,d188:0.0041,d236:0.0041,d016:0.0041,d133:0.0041,d184:0.004,d175:0.0039,d220:0.0039,d116:0.0039,d290:0.0036,d324:0.0036,d179:0.0036,d069:0.0035,d001:0.0035,d091:0.0034,d097:0.0034,d247:0.0033,d011:0.0033,d065:0.0033,d014:0.0033,d202:0.0032,d149:0.0031,d023:0.0031,d101:0.0031,d277:0.0031,d061:0.0031,d281:0.003,d096:0.003,d287:0.003,d313:0.003,d108:0.0029,d210:0.0029,d119:0.0029,d053:0.0028,d093:0.0028,d197:0.0028,d325:0.0028,d121:0.0028,d100:0.0028,d222:0.0027,d262:0.0027,d021:0.0027,d244:0.0026,d087:0.0026,d286:0.0026,d024:0.0026,d137:0.0026,d249:0.0026,d130:0.0026,d234:0.0025,d039:0.0024,d256:0.0024,d003:0.0024
q29	d037:0.1539,d314:0.1534,d001:0.1324,d113:0.0985,d261:0.0903,d120:0.0704,d133:0.0671,d046:0.0501,d062:0.0498,d191:0.045,d294:0.0445,d286:0.0427,d159:0.0305,d173:0.0262,d070:0.0257,d212:0.0218,d226:0.0207,d086:0.0193,d107:0.0192,d291:0.0182,d186:0.0177,d099:0.0168,d160:0.0165,d279:0.0164,d147:0.0156,d252:0.0155,d254:0.015,d276:0.0149,d055:0.0137,d047:0.0136,d136:0.0135,d264:0.0133,d058:0.0129,d174:0.0129,d198:0.0128,d013:0.0125,d295:0.0125,d106:0.0122,d329:0.0122,d237:0.0121,d064:0.0118,d312:0.0116,d270:0.0116,d057:0.0115,d327:0.0115,d153:0.0114,d170:0.0113,d309:0.0111,d008:0.0111,d292:0.0111,d331:0.011,d031:0.011,d131:0.0107,d102:0.0106,d216:0.0102,d056:0.0102,d278:0.0101,d019:0.0099,d269:0.0099,d231:0.0098,d193:0.0096,d089:0.0093,d169:0.0093,d123:0.0093,d026:0.0092,d165:0.0091,d195:0.0091,d115:0.0091,d027:0.009,d168:0.0087,d015:0.0085,d194:0.0084,d328:0.0083,d085:0.0083,d303:0.0083,d305:0.0083,d283:0.008,d241:0.0079,d048:0.0077,d052:0.0076,d263:0.0076,d293:0.0075
q32	d025:0.175,d090:0.1637,d139:0.1025,d031:0.0868,d067:0.0852,d145:0.0622,d254:0.0583,d140:0.0577,d092:0.051,d282:0.0502,d305:0.0425,d324:0.0394,d072:0.0371,d317:0.0366,d141:0.0364,d226:0.0336,d083:0.0336,d284:0.0334,d059:0.033,d011:0.0329,d006:0.0311,d172:0.0306,d279:0.0303,d060:0.0294,d314:0.0294,d268:0.0288,d252:0.0287,d015:0.0276,d053:0.0274,d235:0.0272,d018:0.0269,d227:0.0268,d262:0.0267,d042:0.0267,d222:0.0265,d105:0.0262,d184:0.0247,d271:0.0226
q34	d248:0.1111,d221:0.0156,d040:0.0151,d224:0.0149,d037:0.0144,d312:0.0143,d216:0.0142,d075:0.0131,d110:0.0128,d246:0.0123,d113:0.0122,d232:0.0116,d213:0.0112,d288:0.0107,d270:0.0105,d207:0.0104,d091:0.0104,d047:0.0103,d122:0.0102,d108:0.01,d034:0.0097,d219:0.0094,d106:0.0093,d278:0.0092,d237:0.0091,d260:0.0091,d225:0.0091,d198:0.009,d261:0.009,d043:0.0087,d170:0.0085,d148:0.0085,d010:0.0083,d241:0.0082,d024:0.0081,d308:0.0077,d281:0.0076,d235:0.0076,d060:0.0076,d193:0.0072,d121:0.0071,d325:0.0071,d192:0.007,d189:0.0069,d138:0.0069,d027:0.0068,d151:0.0066,d087:0.0066,d062:0.0065,d142:0.0065,d015:0.0064,d227:0.0063,d085:0.0063,d066:0.0063,d327:0.0062,d044:0.0062,d039:0.0061,d059:0.0061,d117:0.006,d282:0.0059,d271:0.0059,d086:0.0058,d112:0.0058,d211:0.0057,d181:0.0056,d130:0.0056,d215:0.0056,d243:0.0056,d226:0.0056,d070:0.0055,d253:0.0055,d045:0.0054,d127:0.0054,d155:0.0053,d307:0.0053,d071:0.0053,d292:0.0053,d290:0.0053,d166:0.0053,d065:0.0053,d180:0.0053,d081:0.0053,d190:0.0052,d266:0.0052,d196:0.0051,d005:0.0051,d006:0.0051,d082:0.0051,d063:0.0051,d020:0.005,d061:0.005,d279:0.005,d242:0.0049,d008:0.0048,d214:0.0048,d252:0.0047,d119:0.0047,d202:0.0047,d032:0.0047,d144:0.0046,d099:0.0046,d126:0.0045,d098:0.0045,d026:0.0044,d125:0.0043,d210:0.0043,d223:0.0043,d201:0.0042,d092:0.0042,d249:0.0042,d093:0.0041,d136:0.0041,d197:0.0041,d250:0.0041,d055:0.0041,d089:0.004,d194:0.004,d123:0.004,d256:0.0039,d109:0.0039,d080:0.0039,d162:0.0039,d133:0.0038,d009:0.0038,d283:0.0038,d022:0.0038,d046:0.0037,d236:0.0037,d048:0.0037,d264:0.0036,d052:0.0036,d274:0.0035,d050:0.0035,d118:0.0035,d095:0.0034,d013:0.0034,d301:0.0034,d240:0.0033,d001:0.0032,d251:0.0032,d135:0.0031,d028:0.0031,d035:0.0031,d030:0.003,d209:0.003,d294:0.003,d131:0.0029,d200:0.0029,d296:0.0029,d320:0.0028,d287:0.0028,d083:0.0028,d255:0.0028,d096:0.0027,d205:0.0027,d079:0.0027,d073:0.0027,d078:0.0027,d129:0.0026,d076:0.0026,d195:0.0025,d042:0.0025,d182:0.0024,d038:0.0024,d286:0.0024,d164:0.0023,d203:0.0022,d305:0.0022,d263:0.0021,d316:0.002
q36	d321:0.1653,d257:0.1611,d023:0.1465,d247:0.1399,d277:0.1279,d265:0.1263,d150:0.1235,d328:0.084,d156:0.0719,d020:0.0582,d167:0.0495,d107:0.049,d223:0.0292,d151:0.0282,d214:0.0269,d268:0.0261,d069:0.0259,d076:0.0237,d219:0.0231,d077:0.023,d198:0.023,d110:0.0226,d320:0.0225,d013:0.0225,d211:0.0221,d060:0.0219,d010:0.0214,d054:0.021,d270:0.0208,d051:0.0208,d323:0.0207,d071:0.0204,d292:0.02,d083:0.0187,d210:0.0182,d205:0.0181,d131:0.0178,d231:0.0177,d230:0.0174,d276:0.0173,d197:0.0171,d100:0.017,d094:0.0169,d222:0.0166,d288:0.0165,d092:0.0157,d007:0.0157,d274:0.015,d259:0.015,d095:0.0146,d256:0.0146,d295:0.0145,d081:0.0143,d267:0.0142,d310:0.0137,d111:0.0136,d102:0.0136,d207:0.0133,d059:0.0131,d029:0.0127,d202:0.0126,d290:0.0124,d319:0.012,d203:0.012,d226:0.012,d298:0.0119,d170:0.0115,d229:0.0114,d068:0.0114,d309:0.0113,d031:0.0112,d055:0.0111,d103:0.0107,d255:0.0106,d279:0.0106,d041:0.0106,d125:0.0104,d281:0.0103,d272:0.0103,d079:0.01,d015:0.0099,d316:0.0097,d191:0.0095,d175:0.0095,d262:0.0093,d294:0.0089,d136:0.0087,d199:0.0086,d049:0.0086,d033:0.0083,d192:0.0082,d283:0.0081,d306:0.008,d271:0.0079,d248:0.0076,d322:0.0075,d157:0.0075,d035:0.0074,d253:0.0074,d088:0.0073,d186:0.0072,d149:0.0068,d218:0.0067,d208:0.0067,d284:0.0066,d313:0.0065,d019:0.0064,d119:0.0063,d302:0.0063,d017:0.0063,d266:0.0062,d250:0.0061,d093:0.0061,d260:0.0061,d275:0.006,d021:0.0059,d189:0.0058,d115:0.0058,d012:0.0058,d027:0.0058,d286:0.0057,d067:0.0056,d244:0.0056,d182:0.0056,d046:0.0055,d143:0.0055,d138:0.0054,d085:0.0054,d235:0.0054,d109:0.0052,d162:0.0052,d003:0.0051,d158:0.0047,d141:0.0046
q37	d169:0.1749,d116:0.0781,d062:0.0616,d035:0.0405,d327:0.0402,d117:0.0386,d294:0.0386,d209:0.0381,d231:0.0343,d120:0.0323,d141:0.0248
q38	d263:0.0831,d036:0.0649,d294:0.0567,d118:0.0519,d239:0.0516,d039:0.0507,d051:0.0501,d317:0.0488,d161:0.0485,d229:0.0457,d260:0.0441,d066:0.0385,d058:0.0381,d312:0.0381,d067:0.0379,d138:0.0361,d296:0.0351,d109:0.0349,d255:0.0342,d056:0.0328,d031:0.0324,d270:0.0318,d325:0.031,d258:0.0307,d284:0.0303,d151:0.0297,d235:0.0292,d277:0.0292,d311:0.0284,d084:0.0274,d169:0.0273,d305:0.0272,d225:0.0264,d025:0.0263,d250:0.0261,d249:0.0258,d096:0.0257,d092:0.0256,d011:0.0247,d331:0.0242,d236:0.0238,d155:0.0237,d280:0.0236,d082:0.0231,d190:0.0226,d122:0.0217,d095:0.0217,d302:0.0215,d180:0.0202,d035:0.0201,d132:0.0199,d183:0.0191,d197:0.0183,d124:0.0173,d078:0.0172,d129:0.0167,d243:0.0162,d247:0.0155,d182:0.0152,d102:0.0147,d176:0.0134,d316:0.0131,d010:0.012,d303:0.0115,d198:0.0113,d003:0.011,d043:0.011,d048:0.0107,d052:0.0105,d224:0.01,d141:0.0098,d075:0.0094,d192:0.0088,d110:0.0086,d246:0.0083,d062:0.0083,d142:0.0082,d327:0.0079,d044:0.0078,d059:0.0077,d117:0.0076,d282:0.0074,d221:0.0071,d130:0.0071,d226:0.0071,d215:0.007,d070:0.007,d232:0.0069,d127:0.0068,d045:0.0068,d081:0.0067,d108:0.0067,d266:0.0066,d037:0.0066,d290:0.0066,d196:0.0065,d063:0.0064,d091:0.0063,d207:0.0062,d008:0.006,d202:0.0059,d099:0.0058,d126:0.0057,d113:0.0056,d278:0.0055,d216:0.0055,d223:0.0055,d210:0.0054,d201:0.0053,d093:0.0052,d123:0.0051,d213:0.0051,d148:0.0051,d040:0.005,d089:0.005,d009:0.0049,d080:0.0049,d288:0.0049,d133:0.0048,d024:0.0048,d022:0.0048,d046:0.0047,d264:0.0046,d050:0.0045,d274:0.0044,d013:0.0043,d219:0.0043,d301:0.0043,d240:0.0042,d237:0.0042,d001:0.0041,d251:0.0041,d135:0.004,d028:0.004,d170:0.0039,d030:0.0038,d209:0.0037,d131:0.0037,d200:0.0037,d083:0.0036,d281:0.0035,d287:0.0035,d320:0.0035,d308:0.0035,d079:0.0034,d205:0.0034,d073:0.0034,d076:0.0033,d193:0.0033,d121:0.0032,d195:0.0031,d038:0.0031,d042:0.0031,d286:0.003,d087:0.003,d164:0.0029,d015:0.0029,d085:0.0029,d203:0.0028,d241:0.0027
q40	d307:0.1371,d042:0.1075,d252:0.0944,d047:0.0911,d262:0.0881,d250:0.0851,d112:0.0815,d242:0.0696,d098:0.0679,d238:0.0618,d283:0.0587,d122:0.0567,d131:0.0521,d228:0.0513,d225:0.0478,d288:0.0455,d058:0.0443,d173:0.0419,d142:0.0408,d022:0.0384,d249:0.0378,d306:0.0361,d046:0.0346,d064:0.0339,d082:0.0338,d248:0.0335,d111:0.0334,d012:0.0329,d189:0.0325,d291:0.0315,d124:0.0314,d174:0.0311,d164:0.0298,d106:0.0294,d223:0.0292,d117:0.0278,d144:0.0274,d271:0.0271,d263:0.027,d296:0.0269,d318:0.0258,d279:0.0255,d138:0.0247,d113:0.0246,d241:0.0231,d275:0.0231,d152:0.0218,d091:0.0211,d118:0.0203,d031:0.0202,d200:0.0199,d105:0.0195,d063:0.0185,d119:0.0179,d093:0.0175,d222:0.0166,d257:0.0166,d025:0.0165,d197:0.0164,d121:0.0164,d254:0.0164,d125:0.0164,d021:0.0163,d258:0.0157,d147:0.0155,d092:0.0155,d175:0.0151,d194:0.015,d325:0.0148,d234:0.0146,d017:0.0133,d177:0.013,d293:0.013,d035:0.0124,d051:0.0124,d136:0.0116,d161:0.0112,d040:0.0099,d080:0.0096,d220:0.0088,d039:0.0087,d109:0.0087,d192:0.0087,d179:0.0081,d075:0.008,d158:0.0079,d135:0.0079,d207:0.0078,d321:0.0077,d153:0.0077,d317:0.0076,d300:0.0076,d077:0.0072,d006:0.0072,d149:0.0071,d126:0.0071,d215:0.007,d083:0.007,d160:0.007,d281:0.0069,d056:0.0069,d272:0.0068,d079:0.0067,d269:0.0067,d266:0.0065,d100:0.0064,d089:0.0063,d094:0.0063,d123:0.0063,d286:0.006,d188:0.0059,d305:0.0056,d203:0.0055
q41	d174:0.1018,d268:0.0924,d150:0.0882,d291:0.068,d128:0.0655,d121:0.056,d036:0.0279,d014:0.025,d050:0.0201,d306:0.0192,d330:0.0181,d195:0.0177,d209:0.0168,d272:0.0156,d223:0.0155,d079:0.0153,d017:0.0152,d266:0.0149,d177:0.0143,d092:0.0135,d236:0.0134,d310:0.0131,d227:0.0128,d228:0.0125,d007:0.0119,d159:0.0115,d091:0.0112,d088:0.0111,d140:0.011,d122:0.0109,d309:0.0108,d200:0.0105,d077:0.0103,d023:0.0103,d102:0.0103,d099:0.0103,d297:0.0102,d101:0.0102,d161:0.0101,d279:0.0101,d056:0.0099,d156:0.0099,d210:0.0097,d078:0.0097,d004:0.0095,d311:0.0094,d260:0.0092,d094:0.0091,d115:0.0089,d012:0.0089,d189:0.0088,d027:0.0088,d257:0.0088,d130:0.0087,d137:0.0087,d249:0.0086,d087:0.0085,d055:0.0084,d184:0.0082,d162:0.008,d175:0.008,d039:0.0079,d105:0.0079,d203:0.0079,d263:0.0074,d199:0.0072,d157:0.0072,d158:0.0072,d294:0.0068
q42	d298:0.3086,d125:0.0592,d048:0.0522,d174:0.0502,d241:0.0396,d314:0.0385,d208:0.0335,d069:0.029,d216:0.0256,d218:0.0252,d227:0.0245,d260:0.0236,d224:0.0213,d203:0.02,d168:0.0195,d084:0.0193,d156:0.018,d252:0.0174,d155:0.0173,d276:0.0172,d202:0.0158,d264:0.0149,d198:0.0147,d114:0.0145,d268:0.0143,d010:0.014,d280:0.0137,d207:0.0137,d146:0.0136,d195:0.0132,d089:0.0131,d327:0.0129,d041:0.0129,d222:0.0128,d300:0.0126,d273:0.0125,d061:0.012,d215:0.0118,d126:0.0117,d161:0.0116,d083:0.0116,d167:0.0116,d043:0.0114,d078:0.0111,d119:0.0109,d196:0.0109,d148:0.0108,d144:0.0108,d076:0.0108,d099:0.0108,d191:0.0105,d210:0.0101,d236:0.01,d024:0.0099,d286:0.0099,d256:0.0097,d188:0.0097,d258:0.0095,d116:0.0095,d303:0.0095,d062:0.0092,d299:0.0089,d211:0.0087,d122:0.0086,d111:0.0085,d175:0.0084,d118:0.0083,d170:0.0082,d247:0.0081,d248:0.0081,d128:0.008,d006:0.0077,d259:0.0076,d163:0.0076,d277:0.0076,d320:0.0075,d201:0.0071,d265:0.0071,d001:0.007,d312:0.0069,d123:0.0068,d022:0.0066,d249:0.0064,d055:0.0063,d154:0.0061,d070:0.006,d073:0.0059,d033:0.0059,d081:0.0058,d100:0.0056,d159:0.0055,d157:0.0054,d072:0.0054,d177:0.0053,d257:0.0053,d008:0.0052,d049:0.0051,d255:0.0049,d103:0.0049,d285:0.0049,d020:0.0048,d251:0.0044,d040:0.0043,d245:0.0042,d092:0.0041,d087:0.0041,d328:0.0039,d221:0.0039,d283:0.0037,d110:0.0037,d267:0.0036,d037:0.0036,d319:0.0035,d261:0.0035,d028:0.0034,d270:0.0034,d091:0.0034,d051:0.0034,d135:0.0034,d088:0.0034,d014:0.0033,d011:0.0033,d065:0.0033,d309:0.0033,d071:0.0033,d292:0.0033,d131:0.0032,d023:0.0031,d279:0.0031,d060:0.003,d056:0.003,d180:0.0029,d214:0.0029,d032:0.0029,d068:0.0029,d108:0.0029,d053:0.0028,d172:0.0028,d098:0.0028,d018:0.0027,d189:0.0027,d137:0.0026,d182:0.0026,d235:0.0025,d184:0.0025,d085:0.0025,d143:0.0025,d304:0.0025,d105:0.0024,d316:0.0022,d158:0.0022,d294:0.0021
q44	d029:0.1684,d185:0.0982,d239:0.0892,d164:0.088,d254:0.0812,d105:0.0779,d246:0.062,d314:0.0517,d085:0.0464,d193:0.046,d126:0.046,d148:0.0412,d182:0.0358,d003:0.035,d071:0.0337,d117:0.0335,d267:0.0316,d170:0.0315,d271:0.0314,d215:0.0311,d060:0.0305,d073:0.0303,d181:0.0299,d059:0.029,d191:0.0283,d252:0.0273,d067:0.0266,d046:0.0261,d278:0.0259,d042:0.0254,d203:0.0245,d016:0.0245,d325:0.0242,d304:0.0238,d184:0.0235,d262:0.0235,d305:0.023,d167:0.0226,d055:0.0222,d139:0.0211,d048:0.0198,d177:0.0188
q45	d105:0.1454,d126:0.1162,d170:0.0932,d085:0.0879,d185:0.0817,d164:0.0734,d252:0.0671,d029:0.0588,d254:0.0511,d302:0.0505,d188:0.0393,d003:0.039,d204:0.0377,d148:0.0341,d162:0.0331,d100:0.0307,d055:0.0282,d090:0.0269,d324:0.0251,d042:0.0211,d016:0.0203,d304:0.0198,d184:0.0195,d305:0.0191,d101:0.0166,d267:0.0154,d225:0.0151,d285:0.0132,d149:0.0132,d118:0.0128,d074:0.0128,d223:0.0126,d260:0.0119,d038:0.0113,d152:0.0109,d143:0.0107,d015:0.0107,d283:0.0101,d109:0.0101,d228:0.0101,d306:0.0098,d081:0.0098,d271:0.0097,d316:0.0095,d054:0.0093,d322:0.0092,d091:0.0091,d200:0.0086,d171:0.0083,d103:0.0083,d062:0.0082,d215:0.0081,d034:0.008,d073:0.0079,d147:0.0078,d079:0.0078,d076:0.0077,d093:0.0076,d325:0.0075,d330:0.0074,d026:0.0073,d262:0.0072,d067:0.007,d010:0.0069,d168:0.0069,d136:0.0068,d138:0.0067,d175:0.0065,d039:0.0065,d251:0.006,d179:0.006,d158:0.0058,d294:0.0055
q46	d133:0.1287,d122:0.1042,d091:0.1028,d081:0.1017,d121:0.0954,d013:0.0913,d093:0.0912,d030:0.0905,d145:0.0903,d321:0.088,d094:0.084,d082:0.0781,d022:0.0766,d125:0.0735,d002:0.0728,d144:0.0725,d117:0.0721,d180:0.071,d136:0.0703,d005:0.0695,d280:0.0661,d075:0.0644,d066:0.0638,d041:0.063,d247:0.0596,d156:0.0577,d062:0.0566,d314:0.055,d097:0.049,d130:0.0486,d104:0.0473,d088:0.0442,d142:0.0437,d188:0.0422,d171:0.0403,d242:0.0371,d009:0.0346,d181:0.0337,d105:0.0313,d150:0.0311,d219:0.0308,d277:0.0304,d174:0.0298,d051:0.0284,d153:0.0279,d178:0.0276,d238:0.0266,d115:0.0263,d288:0.026,d077:0.0259,d215:0.0251,d192:0.0235,d308:0.0234,d325:0.023,d110:0.0228,d168:0.0213,d152:0.0211,d143:0.0196,d023:0.0195,d147:0.0181,d157:0.0181,d254:0.0174,d293:0.0174,d190:0.0169,d089:0.0168,d052:0.0138,d213:0.0004,d312:0.0003,d272:0.0003,d274:0.0003,d267:0.0003,d151:0.0003,d198:0.0003,d214:0.0003,d223:0.0003,d320:0.0003,d146:0.0003,d076:0.0003,d303:0.0002,d302:0.0002,d172:0.0002,d327:0.0002,d306:0.0002,d329:0.0002,d175:0.0002,d304:0.0002,d155:0.0002,d169:0.0002,d322:0.0002,d167:0.0002,d330:0.0002,d160:0.0002,d176:0.0002,d159:0.0002,d154:0.0002,d315:0.0002,d317:0.0002,d323:0.0002,d313:0.0002,d239:0.0002,d292:0.0002,d244:0.0002,d236:0.0002,d245:0.0002,d234:0.0002,d233:0.0002,d231:0.0002,d246:0.0002,d229:0.0002,d228:0.0002,d221:0.0002,d217:0.0002,d249:0.0002,d256:0.0002,d211:0.0002,d301:0.0002,d208:0.0002,d205:0.0002,d204:0.0002,d268:0.0002,d270:0.0002,d202:0.0002,d201:0.0002,d199:0.0002,d195:0.0002,d194:0.0002,d240:0.0002,d189:0.0002,d289:0.0002,d186:0.0002,d182:0.0002,d264:0.0002,d275:0.0002,d331:0.0002,d099:0.0002,d111:0.0002,d028:0.0002,d107:0.0002,d106:0.0002,d103:0.0002,d100:0.0002,d048:0.0002,d098:0.0002,d087:0.0002,d086:0.0002,d074:0.0002,d073:0.0002,d037:0.0002,d069:0.0002,d068:0.0002,d065:0.0002,d064:0.0002,d060:0.0002,d058:0.0002,d044:0.0002,d056:0.0002,d050:0.0002,d046:0.0002,d112:0.0002,d113:0.0002,d047:0.0002,d120:0.0002,d006:0.0002,d004:0.0002,d011:0.0002,d012:0.0002,d124:0.0002,d020:0.0002,d018:0.0002,d017:0.0002,d015:0.0002,d129:0.0002,d114:0.0002,d116:0.0002,d131:0.0002,d014:0.0001,d273:0.0001,d038:0.0001,d036:0.0001,d039:0.0001,d271:0.0001,d040:0.0001,d024:0.0001,d324:0.0001,d278:0.0001,d269:0.0001,d045:0.0001,d266:0.0001,d265:0.0001,d328:0.0001,d003:0.0001,d263:0.0001,d262:0.0001,d261:0.0001,d260:0.0001,d258:0.0001,d010:0.0001,d319:0.0001,d282:0.0001,d279:0.0001,d305:0.0001,d307:0.0001,d021:0.0001,d025:0.0001,d026:0.0001,d027:0.0001,d309:0.0001,d298:0.0001,d297:0.0001,d296:0.0001,d295:0.0001,d294:0.0001,d019:0.0001,d029:0.0001,d031:0.0001,d291:0.0001,d290:0.0001,d032:0.0001,d033:0.0001,d287:0.0001,d286:0.0001,d316:0.0001,d285:0.0001,d284:0.0001,d283:0.0001,d281:0.0001,d034:0.0001,d318:0.0001,d149:0.0001,d241:0.0001,d253:0.0001,d193:0.0001,d102:0.0001,d191:0.0001,d108:0.0001,d185:0.0001,d184:0.0001,d183:0.0001,d109:0.0001,d179:0.0001,d177:0.0001,d118:0.0001,d173:0.0001,d119:0.0001,d123:0.0001,d101:0.0001,d126:0.0001,d165:0.0001,d164:0.0001,d128:0.0001,d162:0.0001,d161:0.0001,d158:0.0001,d132:0.0001,d134:0.0001,d135:0.0001,d137:0.0001,d138:0.0001,d139:0.0001,d140:0.0001,d141:0.0001,d166:0.0001,d257:0.0001,d196:0.0001,d096:0.0001,d252:0.0001,d251:0.0001,d250:0.0001,d049:0.0001,d248:0.0001,d053:0.0001,d054:0.0001,d055:0.0001,d148:0.0001,d057:0.0001,d061:0.0001,d235:0.0001,d063:0.0001,d227:0.0001,d197:0.0001,d226:0.0001,d072:0.0001,d220:0.0001,d216:0.0001,d080:0.0001,d083:0.0001,d084:0.0001,d212:0.0001,d210:0.0001,d209:0.0001,d207:0.0001,d090:0.0001,d092:0.0001,d203:0.0001,d095:0.0001,d071:0.0001,d163:0.0001
